Projects,URL
00-Evan/shattered-pixel-dungeon,https://github.com/00-Evan/shattered-pixel-dungeon
1hakr/AnExplorer,https://github.com/1hakr/AnExplorer
4pr0n/ripme,https://github.com/4pr0n/ripme
ACRA/acra,https://github.com/ACRA/acra
AChep/AcDisplay,https://github.com/AChep/AcDisplay
Activiti/Activiti,https://github.com/Activiti/Activiti
Adobe-Consulting-Services/acs-aem-commons,https://github.com/Adobe-Consulting-Services/acs-aem-commons
AdoptOpenJDK/jitwatch,https://github.com/AdoptOpenJDK/jitwatch
AlexMofer/ProjectX,https://github.com/AlexMofer/ProjectX
Alluxio/alluxio,https://github.com/Alluxio/alluxio
AlmasB/FXGL,https://github.com/AlmasB/FXGL
AltBeacon/android-beacon-library,https://github.com/AltBeacon/android-beacon-library
AndlyticsProject/andlytics,https://github.com/AndlyticsProject/andlytics
Angel-ML/angel,https://github.com/Angel-ML/angel
AntennaPod/AntennaPod,https://github.com/AntennaPod/AntennaPod
Anuken/Mindustry,https://github.com/Anuken/Mindustry
AnySoftKeyboard/AnySoftKeyboard,https://github.com/AnySoftKeyboard/AnySoftKeyboard
AppLozic/Applozic-Android-SDK,https://github.com/AppLozic/Applozic-Android-SDK
AppiumTestDistribution/AppiumTestDistribution,https://github.com/AppiumTestDistribution/AppiumTestDistribution
AppliedEnergistics/Applied-Energistics-2,https://github.com/AppliedEnergistics/Applied-Energistics-2
ArcBees/GWTP,https://github.com/ArcBees/GWTP
AriaLyy/Aria,https://github.com/AriaLyy/Aria
ArthurHub/Android-Image-Cropper,https://github.com/ArthurHub/Android-Image-Cropper
AsyncHttpClient/async-http-client,https://github.com/AsyncHttpClient/async-http-client
Athou/commafeed,https://github.com/Athou/commafeed
Atmosphere/atmosphere,https://github.com/Atmosphere/atmosphere
Atmosphere/nettosphere,https://github.com/Atmosphere/nettosphere
Audiveris/audiveris,https://github.com/Audiveris/audiveris
Automattic/simplenote-android,https://github.com/Automattic/simplenote-android
AxonFramework/AxonFramework,https://github.com/AxonFramework/AxonFramework
Azure/azure-sdk-for-java,https://github.com/Azure/azure-sdk-for-java
BaseXdb/basex,https://github.com/BaseXdb/basex
Bilibili/DanmakuFlameMaster,https://github.com/Bilibili/DanmakuFlameMaster
Blankj/AndroidUtilCode,https://github.com/Blankj/AndroidUtilCode
BluSunrize/ImmersiveEngineering,https://github.com/BluSunrize/ImmersiveEngineering
BroadleafCommerce/BroadleafCommerce,https://github.com/BroadleafCommerce/BroadleafCommerce
BuildCraft/BuildCraft,https://github.com/BuildCraft/BuildCraft
Bukkit/Bukkit,https://github.com/Bukkit/Bukkit
CalebFenton/simplify,https://github.com/CalebFenton/simplify
CarGuo/GSYVideoPlayer,https://github.com/CarGuo/GSYVideoPlayer
CellularPrivacy/Android-IMSI-Catcher-Detector,https://github.com/CellularPrivacy/Android-IMSI-Catcher-Detector
ChrisRM/material-theme-jetbrains,https://github.com/ChrisRM/material-theme-jetbrains
CloudifySource/cloudify,https://github.com/CloudifySource/cloudify
CogComp/cogcomp-nlp,https://github.com/CogComp/cogcomp-nlp
Coinomi/coinomi-android,https://github.com/Coinomi/coinomi-android
Col-E/Recaf,https://github.com/Col-E/Recaf
Comcast/cmb,https://github.com/Comcast/cmb
ContainerSolutions/minimesos,https://github.com/ContainerSolutions/minimesos
CorfuDB/CorfuDB,https://github.com/CorfuDB/CorfuDB
CyanogenMod/android_packages_apps_Camera,https://github.com/CyanogenMod/android_packages_apps_Camera
CymChad/BaseRecyclerViewAdapterHelper,https://github.com/CymChad/BaseRecyclerViewAdapterHelper
DSheirer/sdrtrunk,https://github.com/DSheirer/sdrtrunk
DSpace/DSpace,https://github.com/DSpace/DSpace
DV8FromTheWorld/JDA,https://github.com/DV8FromTheWorld/JDA
DataSketches/sketches-core,https://github.com/DataSketches/sketches-core
DataSystemsLab/GeoSpark,https://github.com/DataSystemsLab/GeoSpark
DaxiaK/MyDiary,https://github.com/DaxiaK/MyDiary
Devskiller/jfairy,https://github.com/Devskiller/jfairy
DigitalPebble/storm-crawler,https://github.com/DigitalPebble/storm-crawler
Discord4J/Discord4J,https://github.com/Discord4J/Discord4J
DozerMapper/dozer,https://github.com/DozerMapper/dozer
DragonetMC/DragonProxy,https://github.com/DragonetMC/DragonProxy
DreaminginCodeZH/Douya,https://github.com/DreaminginCodeZH/Douya
Dreampie/Resty,https://github.com/Dreampie/Resty
DroidPlanner/Tower,https://github.com/DroidPlanner/Tower
EddieRingle/hubroid,https://github.com/EddieRingle/hubroid
EdwardRaff/JSAT,https://github.com/EdwardRaff/JSAT
EhsanTang/ApiManager,https://github.com/EhsanTang/ApiManager
Esri/arcgis-runtime-samples-android,https://github.com/Esri/arcgis-runtime-samples-android
EssentialsX/Essentials,https://github.com/EssentialsX/Essentials
Etar-Group/Etar-Calendar,https://github.com/Etar-Group/Etar-Calendar
Exslims/MercuryTrade,https://github.com/Exslims/MercuryTrade
FXMisc/RichTextFX,https://github.com/FXMisc/RichTextFX
FasterXML/jackson-annotations,https://github.com/FasterXML/jackson-annotations
FasterXML/jackson-core,https://github.com/FasterXML/jackson-core
FasterXML/jackson-databind,https://github.com/FasterXML/jackson-databind
FasterXML/jackson-dataformat-xml,https://github.com/FasterXML/jackson-dataformat-xml
Floens/Clover,https://github.com/Floens/Clover
FlowCI/flow-platform,https://github.com/FlowCI/flow-platform
FluentLenium/FluentLenium,https://github.com/FluentLenium/FluentLenium
FolioReader/FolioReader-Android,https://github.com/FolioReader/FolioReader-Android
ForestryMC/ForestryMC,https://github.com/ForestryMC/ForestryMC
FreeTymeKiyan/LeetCode-Sol-Res,https://github.com/FreeTymeKiyan/LeetCode-Sol-Res
Freeyourgadget/Gadgetbridge,https://github.com/Freeyourgadget/Gadgetbridge
GDGAhmedabad/Learning-Resources,https://github.com/GDGAhmedabad/Learning-Resources
GcsSloop/AndroidNote,https://github.com/GcsSloop/AndroidNote
Genymobile/gnirehtet,https://github.com/Genymobile/gnirehtet
Glitchfiend/BiomesOPlenty,https://github.com/Glitchfiend/BiomesOPlenty
GlowstoneMC/Glowstone-Legacy,https://github.com/GlowstoneMC/Glowstone-Legacy
GlowstoneMC/Glowstone,https://github.com/GlowstoneMC/Glowstone
Glucosio/glucosio-android,https://github.com/Glucosio/glucosio-android
GoClipse/goclipse,https://github.com/GoClipse/goclipse
GoogleCloudPlatform/getting-started-java,https://github.com/GoogleCloudPlatform/getting-started-java
GoogleCloudPlatform/java-docs-samples,https://github.com/GoogleCloudPlatform/java-docs-samples
GoogleContainerTools/jib,https://github.com/GoogleContainerTools/jib
Grarak/KernelAdiutor,https://github.com/Grarak/KernelAdiutor
Graylog2/graylog2-server,https://github.com/Graylog2/graylog2-server
Grover-c13/PokeGOAPI-Java,https://github.com/Grover-c13/PokeGOAPI-Java
GwtMaterialDesign/gwt-material,https://github.com/GwtMaterialDesign/gwt-material
Haehnchen/idea-php-symfony2-plugin,https://github.com/Haehnchen/idea-php-symfony2-plugin
HanSolo/Medusa,https://github.com/HanSolo/Medusa
HanSolo/tilesfx,https://github.com/HanSolo/tilesfx
HdrHistogram/HdrHistogram,https://github.com/HdrHistogram/HdrHistogram
Hive2Hive/Hive2Hive,https://github.com/Hive2Hive/Hive2Hive
HoraApps/LeafPic,https://github.com/HoraApps/LeafPic
HotswapProjects/HotswapAgent,https://github.com/HotswapProjects/HotswapAgent
HubSpot/Singularity,https://github.com/HubSpot/Singularity
HubSpot/jinjava,https://github.com/HubSpot/jinjava
INRIA/spoon,https://github.com/INRIA/spoon
IQSS/dataverse,https://github.com/IQSS/dataverse
IanDarwin/Android-Cookbook-Examples,https://github.com/IanDarwin/Android-Cookbook-Examples
JCTools/JCTools,https://github.com/JCTools/JCTools
JOML-CI/JOML,https://github.com/JOML-CI/JOML
JSQLParser/JSqlParser,https://github.com/JSQLParser/JSqlParser
JabRef/jabref,https://github.com/JabRef/jabref
JakeWharton/ActionBarSherlock,https://github.com/JakeWharton/ActionBarSherlock
JakeWharton/butterknife,https://github.com/JakeWharton/butterknife
JanusGraph/janusgraph,https://github.com/JanusGraph/janusgraph
JessYanCoding/MVPArms,https://github.com/JessYanCoding/MVPArms
JetBrains/Grammar-Kit,https://github.com/JetBrains/Grammar-Kit
JetBrains/MPS,https://github.com/JetBrains/MPS
JetBrains/android,https://github.com/JetBrains/android
JetBrains/ideavim,https://github.com/JetBrains/ideavim
JetBrains/intellij-plugins,https://github.com/JetBrains/intellij-plugins
JetBrains/intellij-sdk-docs,https://github.com/JetBrains/intellij-sdk-docs
JetBrains/xodus,https://github.com/JetBrains/xodus
JodaOrg/joda-time,https://github.com/JodaOrg/joda-time
JpressProjects/jpress,https://github.com/JpressProjects/jpress
Justson/AgentWeb,https://github.com/Justson/AgentWeb
Kennyc1012/Opengur,https://github.com/Kennyc1012/Opengur
KronicDeth/intellij-elixir,https://github.com/KronicDeth/intellij-elixir
KylinOLAP/Kylin,https://github.com/KylinOLAP/Kylin
LMAX-Exchange/disruptor,https://github.com/LMAX-Exchange/disruptor
LWJGL/lwjgl,https://github.com/LWJGL/lwjgl
LWJGL/lwjgl3,https://github.com/LWJGL/lwjgl3
LuckSiege/PictureSelector,https://github.com/LuckSiege/PictureSelector
M66B/NetGuard,https://github.com/M66B/NetGuard
M66B/XPrivacy,https://github.com/M66B/XPrivacy
M66B/XPrivacyLua,https://github.com/M66B/XPrivacyLua
MachinePublishers/jBrowserDriver,https://github.com/MachinePublishers/jBrowserDriver
Maescool/Catacomb-Snatch,https://github.com/Maescool/Catacomb-Snatch
Microsoft/malmo,https://github.com/Microsoft/malmo
Microsoft/mssql-jdbc,https://github.com/Microsoft/mssql-jdbc
Microsoft/pai,https://github.com/Microsoft/pai
MinecraftForge/FML,https://github.com/MinecraftForge/FML
MinecraftForge/MinecraftForge,https://github.com/MinecraftForge/MinecraftForge
MirakelX/mirakel-android,https://github.com/MirakelX/mirakel-android
MorphiaOrg/morphia,https://github.com/MorphiaOrg/morphia
MovingBlocks/Terasology,https://github.com/MovingBlocks/Terasology
MozillaReality/FirefoxReality,https://github.com/MozillaReality/FirefoxReality
Multibit-Legacy/multibit,https://github.com/Multibit-Legacy/multibit
Multiverse/Multiverse-Core,https://github.com/Multiverse/Multiverse-Core
MyCATApache/Mycat-Server,https://github.com/MyCATApache/Mycat-Server
MyCollab/mycollab,https://github.com/MyCollab/mycollab
NGDATA/hbase-indexer,https://github.com/NGDATA/hbase-indexer
NLPchina/ansj_seg,https://github.com/NLPchina/ansj_seg
NLPchina/elasticsearch-sql,https://github.com/NLPchina/elasticsearch-sql
NanoHttpd/nanohttpd,https://github.com/NanoHttpd/nanohttpd
Neamar/KISS,https://github.com/Neamar/KISS
NemProject/nem.core,https://github.com/NemProject/nem.core
Nepxion/Discovery,https://github.com/Nepxion/Discovery
Netflix/Hystrix,https://github.com/Netflix/Hystrix
Netflix/Priam,https://github.com/Netflix/Priam
Netflix/SimianArmy,https://github.com/Netflix/SimianArmy
Netflix/archaius,https://github.com/Netflix/archaius
Netflix/astyanax,https://github.com/Netflix/astyanax
Netflix/conductor,https://github.com/Netflix/conductor
Netflix/denominator,https://github.com/Netflix/denominator
Netflix/eureka,https://github.com/Netflix/eureka
Netflix/genie,https://github.com/Netflix/genie
Netflix/governator,https://github.com/Netflix/governator
Netflix/hollow,https://github.com/Netflix/hollow
Netflix/karyon,https://github.com/Netflix/karyon
Netflix/ribbon,https://github.com/Netflix/ribbon
Netflix/servo,https://github.com/Netflix/servo
Netflix/spectator,https://github.com/Netflix/spectator
Netflix/suro,https://github.com/Netflix/suro
Netflix/zuul,https://github.com/Netflix/zuul
NightWhistler/PageTurner,https://github.com/NightWhistler/PageTurner
Nukkit/Nukkit,https://github.com/Nukkit/Nukkit
OWASP/OWASP-WebScarab,https://github.com/OWASP/OWASP-WebScarab
OWASP/SecurityShepherd,https://github.com/OWASP/SecurityShepherd
OneBusAway/onebusaway-android,https://github.com/OneBusAway/onebusaway-android
OneSignal/OneSignal-Android-SDK,https://github.com/OneSignal/OneSignal-Android-SDK
OpenFeign/feign,https://github.com/OpenFeign/feign
OpenGamma/Strata,https://github.com/OpenGamma/Strata
OpenHFT/Chronicle-Map,https://github.com/OpenHFT/Chronicle-Map
OpenHFT/Chronicle-Queue,https://github.com/OpenHFT/Chronicle-Queue
OpenIotOrg/openiot,https://github.com/OpenIotOrg/openiot
OpenLauncherTeam/openlauncher,https://github.com/OpenLauncherTeam/openlauncher
OpenLiberty/open-liberty,https://github.com/OpenLiberty/open-liberty
OpenRefine/OpenRefine,https://github.com/OpenRefine/OpenRefine
OpenTSDB/opentsdb,https://github.com/OpenTSDB/opentsdb
OryxProject/oryx,https://github.com/OryxProject/oryx
PEXPlugins/PermissionsEx,https://github.com/PEXPlugins/PermissionsEx
PebbleTemplates/pebble,https://github.com/PebbleTemplates/pebble
Peergos/Peergos,https://github.com/Peergos/Peergos
PhilJay/MPAndroidChart,https://github.com/PhilJay/MPAndroidChart
PhilippC/keepass2android,https://github.com/PhilippC/keepass2android
Pi4J/pi4j,https://github.com/Pi4J/pi4j
Polidea/RxAndroidBle,https://github.com/Polidea/RxAndroidBle
PrivacyApps/document-viewer,https://github.com/PrivacyApps/document-viewer
Prototik/HoloEverywhere,https://github.com/Prototik/HoloEverywhere
PureDark/H-Viewer,https://github.com/PureDark/H-Viewer
Qihoo360/RePlugin,https://github.com/Qihoo360/RePlugin
QuantumBadger/RedReader,https://github.com/QuantumBadger/RedReader
QuickBlox/quickblox-android-sdk,https://github.com/QuickBlox/quickblox-android-sdk
QuickLyric/QuickLyric,https://github.com/QuickLyric/QuickLyric
RUB-NDS/TLS-Attacker,https://github.com/RUB-NDS/TLS-Attacker
RaiMan/SikuliX-2014,https://github.com/RaiMan/SikuliX-2014
RaiMan/SikuliX2,https://github.com/RaiMan/SikuliX2
Railcraft/Railcraft,https://github.com/Railcraft/Railcraft
Rajawali/Rajawali,https://github.com/Rajawali/Rajawali
ReactiveX/RxJava,https://github.com/ReactiveX/RxJava
ReactiveX/RxNetty,https://github.com/ReactiveX/RxNetty
RipMeApp/ripme,https://github.com/RipMeApp/ripme
RoaringBitmap/RoaringBitmap,https://github.com/RoaringBitmap/RoaringBitmap
RoboBinding/RoboBinding,https://github.com/RoboBinding/RoboBinding
RobotiumTech/robotium,https://github.com/RobotiumTech/robotium
RuedigerMoeller/fast-serialization,https://github.com/RuedigerMoeller/fast-serialization
RuedigerMoeller/kontraktor,https://github.com/RuedigerMoeller/kontraktor
Sable/soot,https://github.com/Sable/soot
Samourai-Wallet/samourai-wallet-android,https://github.com/Samourai-Wallet/samourai-wallet-android
SeldonIO/seldon-core,https://github.com/SeldonIO/seldon-core
SeldonIO/seldon-server,https://github.com/SeldonIO/seldon-server
SeleniumHQ/selenium,https://github.com/SeleniumHQ/selenium
Shouheng88/MarkNote,https://github.com/Shouheng88/MarkNote
ShprAlex/SproutLife,https://github.com/ShprAlex/SproutLife
SilenceIM/Silence,https://github.com/SilenceIM/Silence
SleepyTrousers/EnderIO,https://github.com/SleepyTrousers/EnderIO
SlimeKnights/TinkersConstruct,https://github.com/SlimeKnights/TinkersConstruct
Sloeber/arduino-eclipse-plugin,https://github.com/Sloeber/arduino-eclipse-plugin
SmartBear/soapui,https://github.com/SmartBear/soapui
SoftInstigate/restheart,https://github.com/SoftInstigate/restheart
SonarSource/SonarJS,https://github.com/SonarSource/SonarJS
SonarSource/sonar-java,https://github.com/SonarSource/sonar-java
SonarSource/sonarlint-intellij,https://github.com/SonarSource/sonarlint-intellij
SonarSource/sonarqube,https://github.com/SonarSource/sonarqube
SpaceMadness/lunar-unity-console,https://github.com/SpaceMadness/lunar-unity-console
SpigotMC/BungeeCord,https://github.com/SpigotMC/BungeeCord
SpongePowered/SpongeAPI,https://github.com/SpongePowered/SpongeAPI
SpongePowered/SpongeForge,https://github.com/SpongePowered/SpongeForge
SpoutDev/Spout,https://github.com/SpoutDev/Spout
Stratio/Decision,https://github.com/Stratio/Decision
Stratio/cassandra-lucene-index,https://github.com/Stratio/cassandra-lucene-index
Swagger2Markup/swagger2markup,https://github.com/Swagger2Markup/swagger2markup
TEAMMATES/teammates,https://github.com/TEAMMATES/teammates
TNG/ArchUnit,https://github.com/TNG/ArchUnit
TakWolf/CNode-Material-Design,https://github.com/TakWolf/CNode-Material-Design
TeamAmaze/AmazeFileManager,https://github.com/TeamAmaze/AmazeFileManager
TeamNewPipe/NewPipe,https://github.com/TeamNewPipe/NewPipe
Teradata/kylo,https://github.com/Teradata/kylo
TestFX/TestFX,https://github.com/TestFX/TestFX
TheAlgorithms/Java,https://github.com/TheAlgorithms/Java
ThreeTen/threetenbp,https://github.com/ThreeTen/threetenbp
TigerVNC/tigervnc,https://github.com/TigerVNC/tigervnc
TommyLemon/APIJSON,https://github.com/TommyLemon/APIJSON
TooTallNate/Java-WebSocket,https://github.com/TooTallNate/Java-WebSocket
Tornaco/X-APM,https://github.com/Tornaco/X-APM
Twitter4J/Twitter4J,https://github.com/Twitter4J/Twitter4J
UnderwaterApps/overlap2d,https://github.com/UnderwaterApps/overlap2d
UniversaBlockchain/universa,https://github.com/UniversaBlockchain/universa
UniversalMediaServer/UniversalMediaServer,https://github.com/UniversalMediaServer/UniversalMediaServer
UweTrottmann/SeriesGuide,https://github.com/UweTrottmann/SeriesGuide
VREMSoftwareDevelopment/WiFiAnalyzer,https://github.com/VREMSoftwareDevelopment/WiFiAnalyzer
VUE/VUE,https://github.com/VUE/VUE
Vazkii/Botania,https://github.com/Vazkii/Botania
Vedenin/useful-java-links,https://github.com/Vedenin/useful-java-links
VoltDB/voltdb,https://github.com/VoltDB/voltdb
Waffle/waffle,https://github.com/Waffle/waffle
Wizcorp/phonegap-facebook-plugin,https://github.com/Wizcorp/phonegap-facebook-plugin
Wolfsblvt/BlossomsPokemonGoManager,https://github.com/Wolfsblvt/BlossomsPokemonGoManager
YoKeyword/Fragmentation,https://github.com/YoKeyword/Fragmentation
aNNiMON/Lightweight-Stream-API,https://github.com/aNNiMON/Lightweight-Stream-API
aaberg/sql2o,https://github.com/aaberg/sql2o
abarisain/dmix,https://github.com/abarisain/dmix
abel533/Mapper,https://github.com/abel533/Mapper
abixen/abixen-platform,https://github.com/abixen/abixen-platform
actframework/actframework,https://github.com/actframework/actframework
actorapp/actor-platform,https://github.com/actorapp/actor-platform
addthis/hydra,https://github.com/addthis/hydra
adempiere/adempiere,https://github.com/adempiere/adempiere
advantageous/qbit,https://github.com/advantageous/qbit
aerogear/aerogear-unifiedpush-server,https://github.com/aerogear/aerogear-unifiedpush-server
ahmetaa/zemberek-nlp,https://github.com/ahmetaa/zemberek-nlp
aidancbrady/Mekanism,https://github.com/aidancbrady/Mekanism
aimacode/aima-java,https://github.com/aimacode/aima-java
airbnb/lottie-android,https://github.com/airbnb/lottie-android
airbnb/okreplay,https://github.com/airbnb/okreplay
airsonic/airsonic,https://github.com/airsonic/airsonic
ajanata/PretendYoureXyzzy,https://github.com/ajanata/PretendYoureXyzzy
alexruiz/fest-assert-2.x,https://github.com/alexruiz/fest-assert-2.x
alfio-event/alf.io,https://github.com/alfio-event/alf.io
alibaba/atlas,https://github.com/alibaba/atlas
alibaba/canal,https://github.com/alibaba/canal
alibaba/druid,https://github.com/alibaba/druid
alibaba/fastjson,https://github.com/alibaba/fastjson
alibaba/jetcache,https://github.com/alibaba/jetcache
aliyun/aliyun-openapi-java-sdk,https://github.com/aliyun/aliyun-openapi-java-sdk
alkacon/opencms-core,https://github.com/alkacon/opencms-core
allegro/hermes,https://github.com/allegro/hermes
allr/purdue-fastr,https://github.com/allr/purdue-fastr
allure-framework/allure1,https://github.com/allure-framework/allure1
allure-framework/allure2,https://github.com/allure-framework/allure2
almalence/OpenCamera,https://github.com/almalence/OpenCamera
amaembo/huntbugs,https://github.com/amaembo/huntbugs
amaembo/streamex,https://github.com/amaembo/streamex
amirzaidi/Launcher3,https://github.com/amirzaidi/Launcher3
amitshekhariitbhu/Fast-Android-Networking,https://github.com/amitshekhariitbhu/Fast-Android-Networking
andOTP/andOTP,https://github.com/andOTP/andOTP
android-hacker/VirtualXposed,https://github.com/android-hacker/VirtualXposed
androidannotations/androidannotations,https://github.com/androidannotations/androidannotations
androidquery/androidquery,https://github.com/androidquery/androidquery
andsel/moquette,https://github.com/andsel/moquette
ankidroid/Anki-Android,https://github.com/ankidroid/Anki-Android
anshooarora/extentreports-java,https://github.com/anshooarora/extentreports-java
antlr/antlr4,https://github.com/antlr/antlr4
antlr/codebuff,https://github.com/antlr/codebuff
antlr/stringtemplate4,https://github.com/antlr/stringtemplate4
aol/cyclops-integration,https://github.com/aol/cyclops-integration
aol/cyclops,https://github.com/aol/cyclops
aol/micro-server,https://github.com/aol/micro-server
aosp-mirror/platform_dalvik,https://github.com/aosp-mirror/platform_dalvik
aosp-mirror/platform_frameworks_support,https://github.com/aosp-mirror/platform_frameworks_support
aosp-mirror/platform_packages_apps_contacts,https://github.com/aosp-mirror/platform_packages_apps_contacts
aosp-mirror/platform_packages_apps_music,https://github.com/aosp-mirror/platform_packages_apps_music
aosp-mirror/platform_packages_apps_settings,https://github.com/aosp-mirror/platform_packages_apps_settings
apache/accumulo,https://github.com/apache/accumulo
apache/activemq-artemis,https://github.com/apache/activemq-artemis
apache/activemq,https://github.com/apache/activemq
apache/ambari,https://github.com/apache/ambari
apache/apex-core,https://github.com/apache/apex-core
apache/aurora,https://github.com/apache/aurora
apache/avro,https://github.com/apache/avro
apache/beam,https://github.com/apache/beam
apache/bigtop,https://github.com/apache/bigtop
apache/bookkeeper,https://github.com/apache/bookkeeper
apache/calcite,https://github.com/apache/calcite
apache/camel,https://github.com/apache/camel
apache/cassandra,https://github.com/apache/cassandra
apache/cloudstack,https://github.com/apache/cloudstack
apache/commons-collections,https://github.com/apache/commons-collections
apache/commons-io,https://github.com/apache/commons-io
apache/commons-lang,https://github.com/apache/commons-lang
apache/cordova-android,https://github.com/apache/cordova-android
apache/curator,https://github.com/apache/curator
apache/cxf,https://github.com/apache/cxf
apache/drill,https://github.com/apache/drill
apache/eagle,https://github.com/apache/eagle
apache/flink,https://github.com/apache/flink
apache/flume,https://github.com/apache/flume
apache/freemarker,https://github.com/apache/freemarker
apache/geode,https://github.com/apache/geode
apache/giraph,https://github.com/apache/giraph
apache/groovy,https://github.com/apache/groovy
apache/guacamole-client,https://github.com/apache/guacamole-client
apache/hive,https://github.com/apache/hive
apache/httpcomponents-client,https://github.com/apache/httpcomponents-client
apache/ignite,https://github.com/apache/ignite
apache/incubator-druid,https://github.com/apache/incubator-druid
apache/incubator-dubbo,https://github.com/apache/incubator-dubbo
apache/incubator-gobblin,https://github.com/apache/incubator-gobblin
apache/incubator-heron,https://github.com/apache/incubator-heron
apache/incubator-netbeans,https://github.com/apache/incubator-netbeans
apache/incubator-pinot,https://github.com/apache/incubator-pinot
apache/incubator-skywalking,https://github.com/apache/incubator-skywalking
apache/incubator-weex,https://github.com/apache/incubator-weex
apache/isis,https://github.com/apache/isis
apache/jena,https://github.com/apache/jena
apache/jmeter,https://github.com/apache/jmeter
apache/kafka,https://github.com/apache/kafka
apache/karaf,https://github.com/apache/karaf
apache/kylin,https://github.com/apache/kylin
apache/log4j,https://github.com/apache/log4j
apache/logging-log4j2,https://github.com/apache/logging-log4j2
apache/lucene-solr,https://github.com/apache/lucene-solr
apache/mahout,https://github.com/apache/mahout
apache/maven,https://github.com/apache/maven
apache/metron,https://github.com/apache/metron
apache/mina,https://github.com/apache/mina
apache/nifi,https://github.com/apache/nifi
apache/nutch,https://github.com/apache/nutch
apache/ofbiz,https://github.com/apache/ofbiz
apache/oozie,https://github.com/apache/oozie
apache/opennlp,https://github.com/apache/opennlp
apache/parquet-mr,https://github.com/apache/parquet-mr
apache/pdfbox,https://github.com/apache/pdfbox
apache/phoenix,https://github.com/apache/phoenix
apache/pig,https://github.com/apache/pig
apache/poi,https://github.com/apache/poi
apache/pulsar,https://github.com/apache/pulsar
apache/rocketmq,https://github.com/apache/rocketmq
apache/samza,https://github.com/apache/samza
apache/servicecomb-java-chassis,https://github.com/apache/servicecomb-java-chassis
apache/servicecomb-saga,https://github.com/apache/servicecomb-saga
apache/shiro,https://github.com/apache/shiro
apache/sqoop,https://github.com/apache/sqoop
apache/storm,https://github.com/apache/storm
apache/struts-examples,https://github.com/apache/struts-examples
apache/struts,https://github.com/apache/struts
apache/systemml,https://github.com/apache/systemml
apache/tika,https://github.com/apache/tika
apache/tinkerpop,https://github.com/apache/tinkerpop
apache/tomcat,https://github.com/apache/tomcat
apache/usergrid,https://github.com/apache/usergrid
apache/wicket,https://github.com/apache/wicket
apache/zeppelin,https://github.com/apache/zeppelin
apache/zookeeper,https://github.com/apache/zookeeper
apavlo/h-store,https://github.com/apavlo/h-store
apereo/cas,https://github.com/apereo/cas
apereo/java-cas-client,https://github.com/apereo/java-cas-client
apilayer/restcountries,https://github.com/apilayer/restcountries
apiman/apiman,https://github.com/apiman/apiman
apollographql/apollo-android,https://github.com/apollographql/apollo-android
appfuse/appfuse,https://github.com/appfuse/appfuse
appium/java-client,https://github.com/appium/java-client
arduino/Arduino,https://github.com/arduino/Arduino
asciidocfx/AsciidocFX,https://github.com/asciidocfx/AsciidocFX
asciidoctor/asciidoctorj,https://github.com/asciidoctor/asciidoctorj
ata4/disunity,https://github.com/ata4/disunity
atlassian/commonmark-java,https://github.com/atlassian/commonmark-java
atomashpolskiy/bt,https://github.com/atomashpolskiy/bt
atomix/atomix,https://github.com/atomix/atomix
atomix/copycat,https://github.com/atomix/copycat
awaitility/awaitility,https://github.com/awaitility/awaitility
aws/aws-sdk-java-v2,https://github.com/aws/aws-sdk-java-v2
aws/aws-sdk-java,https://github.com/aws/aws-sdk-java
awsdocs/aws-doc-sdk-examples,https://github.com/awsdocs/aws-doc-sdk-examples
awslabs/mxnet-model-server,https://github.com/awslabs/mxnet-model-server
azkaban/azkaban,https://github.com/azkaban/azkaban
b3log/latke,https://github.com/b3log/latke
b3log/solo,https://github.com/b3log/solo
b3log/symphony,https://github.com/b3log/symphony
baasbox/baasbox,https://github.com/baasbox/baasbox
ballerina-platform/ballerina-lang,https://github.com/ballerina-platform/ballerina-lang
baomidou/mybatis-plus,https://github.com/baomidou/mybatis-plus
bardsoftware/ganttproject,https://github.com/bardsoftware/ganttproject
bartdag/py4j,https://github.com/bartdag/py4j
bazelbuild/bazel,https://github.com/bazelbuild/bazel
bbottema/simple-java-mail,https://github.com/bbottema/simple-java-mail
bcgit/bc-java,https://github.com/bcgit/bc-java
belaban/JGroups,https://github.com/belaban/JGroups
ben-manes/caffeine,https://github.com/ben-manes/caffeine
benas/random-beans,https://github.com/benas/random-beans
bguerout/jongo,https://github.com/bguerout/jongo
bigbluebutton/bigbluebutton,https://github.com/bigbluebutton/bigbluebutton
biojava/biojava,https://github.com/biojava/biojava
bisq-network/bisq,https://github.com/bisq-network/bisq
bitcoin-wallet/bitcoin-wallet,https://github.com/bitcoin-wallet/bitcoin-wallet
bitcoinj/bitcoinj,https://github.com/bitcoinj/bitcoinj
bither/bither-android,https://github.com/bither/bither-android
bitronix/btm,https://github.com/bitronix/btm
blazegraph/database,https://github.com/blazegraph/database
blynkkk/blynk-server,https://github.com/blynkkk/blynk-server
bndtools/bnd,https://github.com/bndtools/bnd
bnjmn/weka,https://github.com/bnjmn/weka
bobbylight/RSyntaxTextArea,https://github.com/bobbylight/RSyntaxTextArea
bonigarcia/webdrivermanager,https://github.com/bonigarcia/webdrivermanager
boonproject/boon,https://github.com/boonproject/boon
bootique/bootique,https://github.com/bootique/bootique
boundlessgeo/GeoGig,https://github.com/boundlessgeo/GeoGig
bpellin/keepassdroid,https://github.com/bpellin/keepassdroid
brave/link-bubble,https://github.com/brave/link-bubble
brettwooldridge/HikariCP,https://github.com/brettwooldridge/HikariCP
brianfrankcooper/YCSB,https://github.com/brianfrankcooper/YCSB
brianwernick/ExoMedia,https://github.com/brianwernick/ExoMedia
brmson/yodaqa,https://github.com/brmson/yodaqa
broadinstitute/gatk,https://github.com/broadinstitute/gatk
broadinstitute/picard,https://github.com/broadinstitute/picard
btraceio/btrace,https://github.com/btraceio/btrace
buchen/portfolio,https://github.com/buchen/portfolio
bugsnag/bugsnag-android,https://github.com/bugsnag/bugsnag-android
bumptech/glide,https://github.com/bumptech/glide
bwssytems/ha-bridge,https://github.com/bwssytems/ha-bridge
bytedeco/javacpp-presets,https://github.com/bytedeco/javacpp-presets
bytedeco/javacpp,https://github.com/bytedeco/javacpp
bytemanproject/byteman,https://github.com/bytemanproject/byteman
cSploit/android,https://github.com/cSploit/android
cache2k/cache2k,https://github.com/cache2k/cache2k
caelum/caelum-stella,https://github.com/caelum/caelum-stella
caelum/mamute,https://github.com/caelum/mamute
caelum/vraptor,https://github.com/caelum/vraptor
caelum/vraptor4,https://github.com/caelum/vraptor4
camunda/camunda-bpm-platform,https://github.com/camunda/camunda-bpm-platform
caprica/vlcj,https://github.com/caprica/vlcj
carrot2/carrot2,https://github.com/carrot2/carrot2
carrotsearch/hppc,https://github.com/carrotsearch/hppc
carymrobbins/intellij-haskforce,https://github.com/carymrobbins/intellij-haskforce
caskdata/cdap,https://github.com/caskdata/cdap
cbeust/jcommander,https://github.com/cbeust/jcommander
cbeust/testng,https://github.com/cbeust/testng
ccrama/Slide,https://github.com/ccrama/Slide
census-instrumentation/opencensus-java,https://github.com/census-instrumentation/opencensus-java
cfg4j/cfg4j,https://github.com/cfg4j/cfg4j
cgeo/cgeo,https://github.com/cgeo/cgeo
cglib/cglib,https://github.com/cglib/cglib
chariotsolutions/phonegap-nfc,https://github.com/chariotsolutions/phonegap-nfc
checkstyle/checkstyle,https://github.com/checkstyle/checkstyle
chewiebug/GCViewer,https://github.com/chewiebug/GCViewer
childe/hangout,https://github.com/childe/hangout
chocoteam/choco-solver,https://github.com/chocoteam/choco-solver
chrisbanes/philm,https://github.com/chrisbanes/philm
chrisbanes/photup,https://github.com/chrisbanes/photup
chrislacy/TweetLanes,https://github.com/chrislacy/TweetLanes
cinchapi/concourse,https://github.com/cinchapi/concourse
cincheo/jsweet,https://github.com/cincheo/jsweet
citerus/dddsample-core,https://github.com/citerus/dddsample-core
cjlin1/libsvm,https://github.com/cjlin1/libsvm
claritylab/lucida,https://github.com/claritylab/lucida
classgraph/classgraph,https://github.com/classgraph/classgraph
clojure/clojure,https://github.com/clojure/clojure
cloudfoundry/uaa,https://github.com/cloudfoundry/uaa
clulab/processors,https://github.com/clulab/processors
cmusphinx/sphinx4,https://github.com/cmusphinx/sphinx4
code-troopers/android-betterpickers,https://github.com/code-troopers/android-betterpickers
code4craft/webmagic,https://github.com/code4craft/webmagic
codecentric/spring-boot-admin,https://github.com/codecentric/spring-boot-admin
codeka/wwmmo,https://github.com/codeka/wwmmo
codelibs/fess,https://github.com/codelibs/fess
codenameone/CodenameOne,https://github.com/codenameone/CodenameOne
codinguser/gnucash-android,https://github.com/codinguser/gnucash-android
cometd/cometd,https://github.com/cometd/cometd
commons-app/apps-android-commons,https://github.com/commons-app/apps-android-commons
commonsguy/cw-omnibus,https://github.com/commonsguy/cw-omnibus
confluentinc/kafka-connect-elasticsearch,https://github.com/confluentinc/kafka-connect-elasticsearch
confluentinc/kafka-connect-jdbc,https://github.com/confluentinc/kafka-connect-jdbc
confluentinc/kafka-rest,https://github.com/confluentinc/kafka-rest
confluentinc/kafka-streams-examples,https://github.com/confluentinc/kafka-streams-examples
confluentinc/ksql,https://github.com/confluentinc/ksql
confluentinc/schema-registry,https://github.com/confluentinc/schema-registry
connectbot/connectbot,https://github.com/connectbot/connectbot
consp1racy/android-support-preference,https://github.com/consp1racy/android-support-preference
consulo/consulo,https://github.com/consulo/consulo
coobird/thumbnailator,https://github.com/coobird/thumbnailator
couchbase/couchbase-lite-android,https://github.com/couchbase/couchbase-lite-android
cping/LGame,https://github.com/cping/LGame
crashub/crash,https://github.com/crashub/crash
crate/crate,https://github.com/crate/crate
crawljax/crawljax,https://github.com/crawljax/crawljax
crossoverJie/JCSprout,https://github.com/crossoverJie/JCSprout
cryptomator/cryptomator,https://github.com/cryptomator/cryptomator
ctripcorp/apollo,https://github.com/ctripcorp/apollo
ctripcorp/dal,https://github.com/ctripcorp/dal
ctripcorp/x-pipe,https://github.com/ctripcorp/x-pipe
cuba-platform/cuba,https://github.com/cuba-platform/cuba
cucumber-attic/gherkin2,https://github.com/cucumber-attic/gherkin2
cucumber/cucumber-jvm,https://github.com/cucumber/cucumber-jvm
cwensel/cascading,https://github.com/cwensel/cascading
cymcsg/UltimateAndroid,https://github.com/cymcsg/UltimateAndroid
cymcsg/UltimateRecyclerView,https://github.com/cymcsg/UltimateRecyclerView
dadoonet/fscrawler,https://github.com/dadoonet/fscrawler
damianszczepanik/cucumber-reporting,https://github.com/damianszczepanik/cucumber-reporting
daneren2005/Subsonic,https://github.com/daneren2005/Subsonic
danfickle/openhtmltopdf,https://github.com/danfickle/openhtmltopdf
danimahardhika/candybar-library,https://github.com/danimahardhika/candybar-library
daniulive/SmarterStreaming,https://github.com/daniulive/SmarterStreaming
datastax/java-driver,https://github.com/datastax/java-driver
datumbox/datumbox-framework,https://github.com/datumbox/datumbox-framework
davidB/scala-maven-plugin,https://github.com/davidB/scala-maven-plugin
davideas/FlexibleAdapter,https://github.com/davideas/FlexibleAdapter
davidmoten/rtree,https://github.com/davidmoten/rtree
davidmoten/rxjava-jdbc,https://github.com/davidmoten/rxjava-jdbc
dayatang/dddlib,https://github.com/dayatang/dddlib
dbeaver/dbeaver,https://github.com/dbeaver/dbeaver
dboissier/mongo4idea,https://github.com/dboissier/mongo4idea
dcm4che/dcm4che,https://github.com/dcm4che/dcm4che
ddanny/achartengine,https://github.com/ddanny/achartengine
debezium/debezium,https://github.com/debezium/debezium
deeplearning4j/deeplearning4j,https://github.com/deeplearning4j/deeplearning4j
deeplearning4j/dl4j-examples,https://github.com/deeplearning4j/dl4j-examples
deeplearning4j/nd4j,https://github.com/deeplearning4j/nd4j
denimgroup/threadfix,https://github.com/denimgroup/threadfix
dessalines/flowchat,https://github.com/dessalines/flowchat
dessalines/torrenttunes-client,https://github.com/dessalines/torrenttunes-client
detro/ghostdriver,https://github.com/detro/ghostdriver
dianping/pigeon,https://github.com/dianping/pigeon
dianrong/UniAuth,https://github.com/dianrong/UniAuth
diffplug/spotless,https://github.com/diffplug/spotless
digitalfondue/lavagna,https://github.com/digitalfondue/lavagna
diwi/PixelFlow,https://github.com/diwi/PixelFlow
dmfs/opentasks,https://github.com/dmfs/opentasks
docker-java/docker-java,https://github.com/docker-java/docker-java
dodyg/AndroidRivers,https://github.com/dodyg/AndroidRivers
dooboolab/react-native-iap,https://github.com/dooboolab/react-native-iap
dreamhead/moco,https://github.com/dreamhead/moco
drewnoakes/metadata-extractor,https://github.com/drewnoakes/metadata-extractor
droidparts/droidparts,https://github.com/droidparts/droidparts
dropwizard/dropwizard,https://github.com/dropwizard/dropwizard
dropwizard/metrics,https://github.com/dropwizard/metrics
duckduckgo/android-search-and-stories,https://github.com/duckduckgo/android-search-and-stories
dustin/java-memcached-client,https://github.com/dustin/java-memcached-client
dynjs/dynjs,https://github.com/dynjs/dynjs
easemob/sdkdemoapp3.0_android,https://github.com/easemob/sdkdemoapp3.0_android
easymock/easymock,https://github.com/easymock/easymock
easymock/objenesis,https://github.com/easymock/objenesis
ebean-orm/ebean,https://github.com/ebean-orm/ebean
ebraminio/DroidPersianCalendar,https://github.com/ebraminio/DroidPersianCalendar
eclipse-vertx/vert.x,https://github.com/eclipse-vertx/vert.x
eclipse/buildship,https://github.com/eclipse/buildship
eclipse/californium,https://github.com/eclipse/californium
eclipse/che,https://github.com/eclipse/che
eclipse/eclipse-collections,https://github.com/eclipse/eclipse-collections
eclipse/eclipse.jdt.ls,https://github.com/eclipse/eclipse.jdt.ls
eclipse/golo-lang,https://github.com/eclipse/golo-lang
eclipse/jetty.project,https://github.com/eclipse/jetty.project
eclipse/leshan,https://github.com/eclipse/leshan
eclipse/openj9,https://github.com/eclipse/openj9
eclipse/paho.mqtt.java,https://github.com/eclipse/paho.mqtt.java
eclipse/smarthome,https://github.com/eclipse/smarthome
eclipsesource/J2V8,https://github.com/eclipsesource/J2V8
ehcache/ehcache3,https://github.com/ehcache/ehcache3
eirslett/frontend-maven-plugin,https://github.com/eirslett/frontend-maven-plugin
eishay/jvm-serializers,https://github.com/eishay/jvm-serializers
elastic/elasticsearch-hadoop,https://github.com/elastic/elasticsearch-hadoop
elastic/elasticsearch,https://github.com/elastic/elasticsearch
elasticjob/elastic-job-lite,https://github.com/elasticjob/elastic-job-lite
eleybourn/Book-Catalogue,https://github.com/eleybourn/Book-Catalogue
elki-project/elki,https://github.com/elki-project/elki
embulk/embulk,https://github.com/embulk/embulk
encog/encog-java-core,https://github.com/encog/encog-java-core
erickok/transdroid,https://github.com/erickok/transdroid
ervandew/eclim,https://github.com/ervandew/eclim
espertechinc/esper,https://github.com/espertechinc/esper
essentials/Essentials,https://github.com/essentials/Essentials
etcd-io/jetcd,https://github.com/etcd-io/jetcd
ethereum/ethereumj,https://github.com/ethereum/ethereumj
eucalyptus/eucalyptus,https://github.com/eucalyptus/eucalyptus
eugenp/tutorials,https://github.com/eugenp/tutorials
eventsourcing/es4j,https://github.com/eventsourcing/es4j
everit-org/json-schema,https://github.com/everit-org/json-schema
evollu/react-native-fcm,https://github.com/evollu/react-native-fcm
fabric8io/docker-maven-plugin,https://github.com/fabric8io/docker-maven-plugin
fabric8io/kubernetes-client,https://github.com/fabric8io/kubernetes-client
facebook/buck,https://github.com/facebook/buck
facebook/facebook-android-sdk,https://github.com/facebook/facebook-android-sdk
facebook/fresco,https://github.com/facebook/fresco
facebook/litho,https://github.com/facebook/litho
facebook/stetho,https://github.com/facebook/stetho
facebookarchive/swift,https://github.com/facebookarchive/swift
fanfoudroid/fanfoudroid,https://github.com/fanfoudroid/fanfoudroid
farkam135/GoIV,https://github.com/farkam135/GoIV
federicoiosue/Omni-Notes,https://github.com/federicoiosue/Omni-Notes
fengjiachun/Jupiter,https://github.com/fengjiachun/Jupiter
fengzhizi715/SAF,https://github.com/fengzhizi715/SAF
ff4j/ff4j,https://github.com/ff4j/ff4j
filebot/filebot,https://github.com/filebot/filebot
find-sec-bugs/find-sec-bugs,https://github.com/find-sec-bugs/find-sec-bugs
firebase/FirebaseUI-Android,https://github.com/firebase/FirebaseUI-Android
firebase/quickstart-android,https://github.com/firebase/quickstart-android
fishercoder1534/Leetcode,https://github.com/fishercoder1534/Leetcode
fixteam/fixflow,https://github.com/fixteam/fixflow
fkzhang/WechatUnrecalled,https://github.com/fkzhang/WechatUnrecalled
flaxsearch/luwak,https://github.com/flaxsearch/luwak
flipkart-incubator/proteus,https://github.com/flipkart-incubator/proteus
floodlight/floodlight,https://github.com/floodlight/floodlight
floragunncom/search-guard,https://github.com/floragunncom/search-guard
flori/json,https://github.com/flori/json
flowable/flowable-engine,https://github.com/flowable/flowable-engine
flutter/flutter-intellij,https://github.com/flutter/flutter-intellij
flyway/flyway,https://github.com/flyway/flyway
forcedotcom/phoenix,https://github.com/forcedotcom/phoenix
forge/roaster,https://github.com/forge/roaster
fossasia/open-event-droidgen,https://github.com/fossasia/open-event-droidgen
fossasia/open-event-orga-app,https://github.com/fossasia/open-event-orga-app
fossasia/phimpme-android,https://github.com/fossasia/phimpme-android
fossasia/pslab-android,https://github.com/fossasia/pslab-android
fossasia/susi_server,https://github.com/fossasia/susi_server
fqrouter/fqrouter,https://github.com/fqrouter/fqrouter
freedomotic/freedomotic,https://github.com/freedomotic/freedomotic
freenet/fred,https://github.com/freenet/fred
freeplane/freeplane,https://github.com/freeplane/freeplane
freezy/android-xbmcremote,https://github.com/freezy/android-xbmcremote
functionaljava/functionaljava,https://github.com/functionaljava/functionaljava
funktionio/funktion-connectors,https://github.com/funktionio/funktion-connectors
gabrielemariotti/cardslib,https://github.com/gabrielemariotti/cardslib
galenframework/galen,https://github.com/galenframework/galen
gaul/s3proxy,https://github.com/gaul/s3proxy
gazbert/bxbot,https://github.com/gazbert/bxbot
gchq/Gaffer,https://github.com/gchq/Gaffer
gdg-x/frisbee,https://github.com/gdg-x/frisbee
gedoor/MyBookshelf,https://github.com/gedoor/MyBookshelf
genius158/PullRefreshLayout,https://github.com/genius158/PullRefreshLayout
geoserver/geoserver,https://github.com/geoserver/geoserver
geotools/geotools,https://github.com/geotools/geotools
gephi/gephi,https://github.com/gephi/gephi
gerrit-review/gerrit,https://github.com/gerrit-review/gerrit
getheimdall/heimdall,https://github.com/getheimdall/heimdall
getlantern/firetweet,https://github.com/getlantern/firetweet
getsentry/react-native-sentry,https://github.com/getsentry/react-native-sentry
getsentry/sentry-java,https://github.com/getsentry/sentry-java
gitblit/gitblit,https://github.com/gitblit/gitblit
gitskarios/Gitskarios,https://github.com/gitskarios/Gitskarios
gk-brown/HTTP-RPC,https://github.com/gk-brown/HTTP-RPC
glowroot/glowroot,https://github.com/glowroot/glowroot
go-lang-plugin-org/go-lang-idea-plugin,https://github.com/go-lang-plugin-org/go-lang-idea-plugin
gocd/gocd,https://github.com/gocd/gocd
goldmansachs/gs-collections,https://github.com/goldmansachs/gs-collections
google/ExoPlayer,https://github.com/google/ExoPlayer
google/android-classyshark,https://github.com/google/android-classyshark
google/auto,https://github.com/google/auto
google/blockly-android,https://github.com/google/blockly-android
google/caja,https://github.com/google/caja
google/caliper,https://github.com/google/caliper
google/closure-compiler,https://github.com/google/closure-compiler
google/closure-templates,https://github.com/google/closure-templates
google/conscrypt,https://github.com/google/conscrypt
google/copybara,https://github.com/google/copybara
google/data-transfer-project,https://github.com/google/data-transfer-project
google/error-prone,https://github.com/google/error-prone
google/gson,https://github.com/google/gson
google/guava,https://github.com/google/guava
google/j2objc,https://github.com/google/j2objc
google/nomulus,https://github.com/google/nomulus
google/physical-web,https://github.com/google/physical-web
google/science-journal,https://github.com/google/science-journal
google/tink,https://github.com/google/tink
google/truth,https://github.com/google/truth
google/volley,https://github.com/google/volley
googleapis/google-api-java-client,https://github.com/googleapis/google-api-java-client
googleapis/google-cloud-java,https://github.com/googleapis/google-cloud-java
googleapis/google-http-java-client,https://github.com/googleapis/google-http-java-client
googlemaps/android-maps-utils,https://github.com/googlemaps/android-maps-utils
googlemaps/google-maps-services-java,https://github.com/googlemaps/google-maps-services-java
googlesamples/google-services,https://github.com/googlesamples/google-services
gotev/android-upload-service,https://github.com/gotev/android-upload-service
graalvm/sulong,https://github.com/graalvm/sulong
graknlabs/grakn,https://github.com/graknlabs/grakn
grandcentrix/ThirtyInch,https://github.com/grandcentrix/ThirtyInch
graphhopper/graphhopper,https://github.com/graphhopper/graphhopper
graphhopper/jsprit,https://github.com/graphhopper/jsprit
graphql-java/graphql-java,https://github.com/graphql-java/graphql-java
graphstream/gs-core,https://github.com/graphstream/gs-core
gravitee-io/gravitee-gateway,https://github.com/gravitee-io/gravitee-gateway
greenmail-mail-test/greenmail,https://github.com/greenmail-mail-test/greenmail
greenrobot/greenDAO,https://github.com/greenrobot/greenDAO
gridgain/gridgain,https://github.com/gridgain/gridgain
groovy/groovy-core,https://github.com/groovy/groovy-core
groovy/groovy-eclipse,https://github.com/groovy/groovy-eclipse
groupon/DotCi,https://github.com/groupon/DotCi
grpc/grpc-java,https://github.com/grpc/grpc-java
gsantner/markor,https://github.com/gsantner/markor
guardianproject/ChatSecureAndroid,https://github.com/guardianproject/ChatSecureAndroid
guardianproject/haven,https://github.com/guardianproject/haven
guoguibing/librec,https://github.com/guoguibing/librec
guoxiaoxing/android-open-source-project-analysis,https://github.com/guoxiaoxing/android-open-source-project-analysis
gwtbootstrap3/gwtbootstrap3,https://github.com/gwtbootstrap3/gwtbootstrap3
gwtbootstrap/gwt-bootstrap,https://github.com/gwtbootstrap/gwt-bootstrap
gwtproject/gwt,https://github.com/gwtproject/gwt
h2database/h2database,https://github.com/h2database/h2database
h2oai/h2o-2,https://github.com/h2oai/h2o-2
h2oai/h2o-3,https://github.com/h2oai/h2o-3
h6ah4i/android-advancedrecyclerview,https://github.com/h6ah4i/android-advancedrecyclerview
haifengl/smile,https://github.com/haifengl/smile
haiwen/seadroid,https://github.com/haiwen/seadroid
halfhp/androidplot,https://github.com/halfhp/androidplot
hamcrest/JavaHamcrest,https://github.com/hamcrest/JavaHamcrest
hankcs/HanLP,https://github.com/hankcs/HanLP
haraldk/TwelveMonkeys,https://github.com/haraldk/TwelveMonkeys
hawtio/hawtio,https://github.com/hawtio/hawtio
hazelcast/hazelcast-code-samples,https://github.com/hazelcast/hazelcast-code-samples
hazelcast/hazelcast,https://github.com/hazelcast/hazelcast
hcoles/pitest,https://github.com/hcoles/pitest
hector-client/hector,https://github.com/hector-client/hector
hekailiang/squirrel,https://github.com/hekailiang/squirrel
helun/Ektorp,https://github.com/helun/Ektorp
heruoxin/Clip-Stack,https://github.com/heruoxin/Clip-Stack
hibernate/hibernate-orm,https://github.com/hibernate/hibernate-orm
hibernate/hibernate-search,https://github.com/hibernate/hibernate-search
hibernate/hibernate-validator,https://github.com/hibernate/hibernate-validator
hidroh/materialistic,https://github.com/hidroh/materialistic
hierynomus/sshj,https://github.com/hierynomus/sshj
hs-web/hsweb-framework,https://github.com/hs-web/hsweb-framework
httl/httl,https://github.com/httl/httl
http-kit/http-kit,https://github.com/http-kit/http-kit
huanghongxun/HMCL,https://github.com/huanghongxun/HMCL
hugegraph/hugegraph,https://github.com/hugegraph/hugegraph
hunterhacker/jdom,https://github.com/hunterhacker/jdom
hyb1996/Auto.js,https://github.com/hyb1996/Auto.js
i2p/i2p.i2p,https://github.com/i2p/i2p.i2p
iBotPeaches/Apktool,https://github.com/iBotPeaches/Apktool
iDevicesInc/SweetBlue,https://github.com/iDevicesInc/SweetBlue
iSoron/uhabits,https://github.com/iSoron/uhabits
ibinti/bugvm,https://github.com/ibinti/bugvm
ical4j/ical4j,https://github.com/ical4j/ical4j
ignatov/intellij-erlang,https://github.com/ignatov/intellij-erlang
igniterealtime/Openfire,https://github.com/igniterealtime/Openfire
igniterealtime/Smack,https://github.com/igniterealtime/Smack
igniterealtime/Spark,https://github.com/igniterealtime/Spark
igvteam/igv,https://github.com/igvteam/igv
iiordanov/remote-desktop-clients,https://github.com/iiordanov/remote-desktop-clients
imagej/imagej,https://github.com/imagej/imagej
imageprocessor/cv4j,https://github.com/imageprocessor/cv4j
immutables/immutables,https://github.com/immutables/immutables
impossibl/pgjdbc-ng,https://github.com/impossibl/pgjdbc-ng
indeedeng/proctor,https://github.com/indeedeng/proctor
indy256/codelibrary,https://github.com/indy256/codelibrary
inferred/FreeBuilder,https://github.com/inferred/FreeBuilder
infinispan/infinispan,https://github.com/infinispan/infinispan
influxdata/influxdb-java,https://github.com/influxdata/influxdb-java
intel-cloud/cosbench,https://github.com/intel-cloud/cosbench
intel-hadoop/HiBench,https://github.com/intel-hadoop/HiBench
internetarchive/heritrix3,https://github.com/internetarchive/heritrix3
intuit/karate,https://github.com/intuit/karate
intuit/wasabi,https://github.com/intuit/wasabi
ios-driver/ios-driver,https://github.com/ios-driver/ios-driver
iotaledger/iri,https://github.com/iotaledger/iri
ippontech/tatami,https://github.com/ippontech/tatami
itdelatrisu/opsu,https://github.com/itdelatrisu/opsu
iterate-ch/cyberduck,https://github.com/iterate-ch/cyberduck
itext/itextpdf,https://github.com/itext/itextpdf
j-easy/easy-batch,https://github.com/j-easy/easy-batch
j-easy/easy-rules,https://github.com/j-easy/easy-rules
j256/ormlite-core,https://github.com/j256/ormlite-core
jMonkeyEngine/jmonkeyengine,https://github.com/jMonkeyEngine/jmonkeyengine
jOOQ/jOOL,https://github.com/jOOQ/jOOL
jOOQ/jOOQ,https://github.com/jOOQ/jOOQ
jackpal/Android-Terminal-Emulator,https://github.com/jackpal/Android-Terminal-Emulator
jacoco/jacoco,https://github.com/jacoco/jacoco
jaeksoft/opensearchserver,https://github.com/jaeksoft/opensearchserver
jamesagnew/hapi-fhir,https://github.com/jamesagnew/hapi-fhir
jamesdbloom/mockserver,https://github.com/jamesdbloom/mockserver
jankotek/mapdb,https://github.com/jankotek/mapdb
java-json-tools/json-schema-validator,https://github.com/java-json-tools/json-schema-validator
java-native-access/jna,https://github.com/java-native-access/jna
javaee-samples/javaee7-samples,https://github.com/javaee-samples/javaee7-samples
javaee/glassfish,https://github.com/javaee/glassfish
javaee/javamail,https://github.com/javaee/javamail
javahongxi/whatsmars,https://github.com/javahongxi/whatsmars
javalite/activejdbc,https://github.com/javalite/activejdbc
javamelody/javamelody,https://github.com/javamelody/javamelody
javamonkey/beetl2.0,https://github.com/javamonkey/beetl2.0
javaparser/javaparser,https://github.com/javaparser/javaparser
javers/javers,https://github.com/javers/javers
jbake-org/jbake,https://github.com/jbake-org/jbake
jberkel/sms-backup-plus,https://github.com/jberkel/sms-backup-plus
jboss-javassist/javassist,https://github.com/jboss-javassist/javassist
jbox2d/jbox2d,https://github.com/jbox2d/jbox2d
jcabi/jcabi-aspects,https://github.com/jcabi/jcabi-aspects
jclouds/jclouds,https://github.com/jclouds/jclouds
jcodec/jcodec,https://github.com/jcodec/jcodec
jdbi/jdbi,https://github.com/jdbi/jdbi
jeddict/jeddict,https://github.com/jeddict/jeddict
jeeeyul/eclipse-themes,https://github.com/jeeeyul/eclipse-themes
jenetics/jenetics,https://github.com/jenetics/jenetics
jenkinsci/configuration-as-code-plugin,https://github.com/jenkinsci/configuration-as-code-plugin
jenkinsci/docker-plugin,https://github.com/jenkinsci/docker-plugin
jenkinsci/ghprb-plugin,https://github.com/jenkinsci/ghprb-plugin
jenkinsci/gitlab-plugin,https://github.com/jenkinsci/gitlab-plugin
jenkinsci/jenkins,https://github.com/jenkinsci/jenkins
jenkinsci/pipeline-model-definition-plugin,https://github.com/jenkinsci/pipeline-model-definition-plugin
jensstein/oandbackup,https://github.com/jensstein/oandbackup
jeremylong/DependencyCheck,https://github.com/jeremylong/DependencyCheck
jersey/jersey,https://github.com/jersey/jersey
jfaster/mango,https://github.com/jfaster/mango
jfoenixadmin/JFoenix,https://github.com/jfoenixadmin/JFoenix
jfree/jfreechart,https://github.com/jfree/jfreechart
jhipster/jhipster-registry,https://github.com/jhipster/jhipster-registry
jhy/jsoup,https://github.com/jhy/jsoup
jimwebber/neo4j-tutorial,https://github.com/jimwebber/neo4j-tutorial
jindrapetrik/jpexs-decompiler,https://github.com/jindrapetrik/jpexs-decompiler
jitsi/jitsi-videobridge,https://github.com/jitsi/jitsi-videobridge
jitsi/jitsi,https://github.com/jitsi/jitsi
jitsi/libjitsi,https://github.com/jitsi/libjitsi
jknack/handlebars.java,https://github.com/jknack/handlebars.java
jline/jline2,https://github.com/jline/jline2
jline/jline3,https://github.com/jline/jline3
jmeter-maven-plugin/jmeter-maven-plugin,https://github.com/jmeter-maven-plugin/jmeter-maven-plugin
jmockit/jmockit1,https://github.com/jmockit/jmockit1
jmrozanec/cron-utils,https://github.com/jmrozanec/cron-utils
jmxtrans/jmxtrans,https://github.com/jmxtrans/jmxtrans
jnr/jnr-ffi,https://github.com/jnr/jnr-ffi
joel-costigliola/assertj-core,https://github.com/joel-costigliola/assertj-core
joelittlejohn/jsonschema2pojo,https://github.com/joelittlejohn/jsonschema2pojo
johncarl81/parceler,https://github.com/johncarl81/parceler
jonasoreland/runnerup,https://github.com/jonasoreland/runnerup
jooby-project/jooby,https://github.com/jooby-project/jooby
joscha/play-authenticate,https://github.com/joscha/play-authenticate
journeyapps/zxing-android-embedded,https://github.com/journeyapps/zxing-android-embedded
jphp-group/jphp,https://github.com/jphp-group/jphp
jpmml/jpmml-evaluator,https://github.com/jpmml/jpmml-evaluator
jpos/jPOS,https://github.com/jpos/jPOS
jpush/aurora-imui,https://github.com/jpush/aurora-imui
jpush/jpush-api-java-client,https://github.com/jpush/jpush-api-java-client
jqno/equalsverifier,https://github.com/jqno/equalsverifier
jshiell/checkstyle-idea,https://github.com/jshiell/checkstyle-idea
json-path/JsonPath,https://github.com/json-path/JsonPath
jsquared21/Intro-to-Java-Programming,https://github.com/jsquared21/Intro-to-Java-Programming
jtablesaw/tablesaw,https://github.com/jtablesaw/tablesaw
jtransc/jtransc,https://github.com/jtransc/jtransc
junit-team/junit4,https://github.com/junit-team/junit4
junit-team/junit5,https://github.com/junit-team/junit5
junkdog/artemis-odb,https://github.com/junkdog/artemis-odb
jvm-profiling-tools/honest-profiler,https://github.com/jvm-profiling-tools/honest-profiler
jwpttcg66/NettyGameServer,https://github.com/jwpttcg66/NettyGameServer
k0kubun/gitstar-ranking,https://github.com/k0kubun/gitstar-ranking
k0shk0sh/FastHub,https://github.com/k0shk0sh/FastHub
k9mail/k-9,https://github.com/k9mail/k-9
kaaproject/kaa,https://github.com/kaaproject/kaa
kabouzeid/Phonograph,https://github.com/kabouzeid/Phonograph
kaikramer/keystore-explorer,https://github.com/kaikramer/keystore-explorer
kairosdb/kairosdb,https://github.com/kairosdb/kairosdb
kaitoy/pcap4j,https://github.com/kaitoy/pcap4j
kalessil/phpinspectionsea,https://github.com/kalessil/phpinspectionsea
katzer/cordova-plugin-local-notifications,https://github.com/katzer/cordova-plugin-local-notifications
kermitt2/grobid,https://github.com/kermitt2/grobid
keycloak/keycloak,https://github.com/keycloak/keycloak
kickstarter/android-oss,https://github.com/kickstarter/android-oss
kiegroup/drools,https://github.com/kiegroup/drools
kiegroup/jbpm,https://github.com/kiegroup/jbpm
kiegroup/optaplanner,https://github.com/kiegroup/optaplanner
killbill/killbill,https://github.com/killbill/killbill
killme2008/xmemcached,https://github.com/killme2008/xmemcached
kite-sdk/kite,https://github.com/kite-sdk/kite
klausw/hackerskeyboard,https://github.com/klausw/hackerskeyboard
klinker24/talon-for-twitter-android,https://github.com/klinker24/talon-for-twitter-android
klinker24/talon-twitter-holo,https://github.com/klinker24/talon-twitter-holo
klinker41/android-smsmms,https://github.com/klinker41/android-smsmms
knightliao/disconf,https://github.com/knightliao/disconf
knowm/XChange,https://github.com/knowm/XChange
knowm/XChart,https://github.com/knowm/XChart
kohsuke/args4j,https://github.com/kohsuke/args4j
kohsuke/github-api,https://github.com/kohsuke/github-api
komoot/photon,https://github.com/komoot/photon
kongchen/swagger-maven-plugin,https://github.com/kongchen/swagger-maven-plugin
konifar/droidkaigi2016,https://github.com/konifar/droidkaigi2016
konsoletyper/teavm,https://github.com/konsoletyper/teavm
kontalk/androidclient,https://github.com/kontalk/androidclient
koral--/android-gif-drawable,https://github.com/koral--/android-gif-drawable
kotcrab/vis-editor,https://github.com/kotcrab/vis-editor
koush/AndroidAsync,https://github.com/koush/AndroidAsync
koush/ion,https://github.com/koush/ion
kwhat/jnativehook,https://github.com/kwhat/jnativehook
kymjs/KJFrameForAndroid,https://github.com/kymjs/KJFrameForAndroid
la-team/light-admin,https://github.com/la-team/light-admin
laforge49/JActor,https://github.com/laforge49/JActor
languagetool-org/languagetool,https://github.com/languagetool-org/languagetool
lapism/MaterialSearchView,https://github.com/lapism/MaterialSearchView
larsga/Duke,https://github.com/larsga/Duke
lcm-proj/lcm,https://github.com/lcm-proj/lcm
lealone/Lealone,https://github.com/lealone/Lealone
lecho/hellocharts-android,https://github.com/lecho/hellocharts-android
lemire/javaewah,https://github.com/lemire/javaewah
lenskit/lenskit,https://github.com/lenskit/lenskit
leonchen83/redis-replicator,https://github.com/leonchen83/redis-replicator
lessthanoptimal/BoofCV,https://github.com/lessthanoptimal/BoofCV
lets-blade/blade,https://github.com/lets-blade/blade
lettuce-io/lettuce-core,https://github.com/lettuce-io/lettuce-core
libgdx/libgdx,https://github.com/libgdx/libgdx
libpd/pd-for-android,https://github.com/libpd/pd-for-android
liferay/liferay-plugins,https://github.com/liferay/liferay-plugins
liferay/liferay-portal,https://github.com/liferay/liferay-portal
lightbend/config,https://github.com/lightbend/config
limpoxe/Android-Plugin-Framework,https://github.com/limpoxe/Android-Plugin-Framework
line/armeria,https://github.com/line/armeria
line/line-bot-sdk-java,https://github.com/line/line-bot-sdk-java
lingochamp/FileDownloader,https://github.com/lingochamp/FileDownloader
lingochamp/okdownload,https://github.com/lingochamp/okdownload
linkedin/ambry,https://github.com/linkedin/ambry
linkedin/camus,https://github.com/linkedin/camus
linkedin/parseq,https://github.com/linkedin/parseq
linkedin/pygradle,https://github.com/linkedin/pygradle
linkedin/rest.li,https://github.com/linkedin/rest.li
linkedin/sensei,https://github.com/linkedin/sensei
linlinjava/litemall,https://github.com/linlinjava/litemall
lionsoul2014/jcseg,https://github.com/lionsoul2014/jcseg
lipangit/JiaoZiVideoPlayer,https://github.com/lipangit/JiaoZiVideoPlayer
liquibase/liquibase,https://github.com/liquibase/liquibase
locationtech/geogig,https://github.com/locationtech/geogig
locationtech/geowave,https://github.com/locationtech/geowave
logstash/logstash-logback-encoder,https://github.com/logstash/logstash-logback-encoder
looly/hutool,https://github.com/looly/hutool
loopj/android-async-http,https://github.com/loopj/android-async-http
ltsopensource/light-task-scheduler,https://github.com/ltsopensource/light-task-scheduler
lucee/Lucee,https://github.com/lucee/Lucee
lucko/LuckPerms,https://github.com/lucko/LuckPerms
lukas-krecan/JsonUnit,https://github.com/lukas-krecan/JsonUnit
lumifyio/lumify,https://github.com/lumifyio/lumify
luontola/retrolambda,https://github.com/luontola/retrolambda
lviggiano/owner,https://github.com/lviggiano/owner
mabe02/lanterna,https://github.com/mabe02/lanterna
magefree/mage,https://github.com/magefree/mage
magro/memcached-session-manager,https://github.com/magro/memcached-session-manager
mahmoudparsian/data-algorithms-book,https://github.com/mahmoudparsian/data-algorithms-book
malmstein/yahnac,https://github.com/malmstein/yahnac
mapbox/mapbox-android-demo,https://github.com/mapbox/mapbox-android-demo
mapbox/react-native-mapbox-gl,https://github.com/mapbox/react-native-mapbox-gl
mapsforge/mapsforge,https://github.com/mapsforge/mapsforge
mapstruct/mapstruct,https://github.com/mapstruct/mapstruct
marytts/marytts,https://github.com/marytts/marytts
marzika/Snapprefs,https://github.com/marzika/Snapprefs
maskarade/Android-Orma,https://github.com/maskarade/Android-Orma
matburt/mobileorg-android,https://github.com/matburt/mobileorg-android
material-components/material-components-android,https://github.com/material-components/material-components-android
maxmind/GeoIP2-java,https://github.com/maxmind/GeoIP2-java
mcMMO-Dev/mcMMO,https://github.com/mcMMO-Dev/mcMMO
mcxiaoke/minicat,https://github.com/mcxiaoke/minicat
mediathekview/MediathekView,https://github.com/mediathekview/MediathekView
megagao/production_ssm,https://github.com/megagao/production_ssm
meganz/android,https://github.com/meganz/android
mendhak/gpslogger,https://github.com/mendhak/gpslogger
metasfresh/metasfresh,https://github.com/metasfresh/metasfresh
metatron-app/metatron-discovery,https://github.com/metatron-app/metatron-discovery
mgarin/weblaf,https://github.com/mgarin/weblaf
micdoodle8/Galacticraft,https://github.com/micdoodle8/Galacticraft
michael-rapp/ChromeLikeTabSwitcher,https://github.com/michael-rapp/ChromeLikeTabSwitcher
micrometer-metrics/micrometer,https://github.com/micrometer-metrics/micrometer
micronaut-projects/micronaut-core,https://github.com/micronaut-projects/micronaut-core
mikepenz/AboutLibraries,https://github.com/mikepenz/AboutLibraries
mikepenz/Android-Iconics,https://github.com/mikepenz/Android-Iconics
mikepenz/FastAdapter,https://github.com/mikepenz/FastAdapter
mikepenz/MaterialDrawer,https://github.com/mikepenz/MaterialDrawer
mimno/Mallet,https://github.com/mimno/Mallet
mission-peace/interview,https://github.com/mission-peace/interview
mit-cml/appinventor-sources,https://github.com/mit-cml/appinventor-sources
mitreid-connect/OpenID-Connect-Java-Spring-Server,https://github.com/mitreid-connect/OpenID-Connect-Java-Spring-Server
mixi-inc/AndroidTraining,https://github.com/mixi-inc/AndroidTraining
mixpanel/mixpanel-android,https://github.com/mixpanel/mixpanel-android
mkarneim/pojobuilder,https://github.com/mkarneim/pojobuilder
mockito/mockito,https://github.com/mockito/mockito
modelmapper/modelmapper,https://github.com/modelmapper/modelmapper
moezbhatti/qksms,https://github.com/moezbhatti/qksms
mongodb/mongo-hadoop,https://github.com/mongodb/mongo-hadoop
mongodb/mongo-java-driver,https://github.com/mongodb/mongo-java-driver
moonlight-stream/moonlight-android,https://github.com/moonlight-stream/moonlight-android
mozilla-mobile/focus-android,https://github.com/mozilla-mobile/focus-android
mozilla/MozStumbler,https://github.com/mozilla/MozStumbler
mpetazzoni/ttorrent,https://github.com/mpetazzoni/ttorrent
mplushnikov/lombok-intellij-plugin,https://github.com/mplushnikov/lombok-intellij-plugin
mpusher/mpush,https://github.com/mpusher/mpush
mrniko/netty-socketio,https://github.com/mrniko/netty-socketio
msgpack/msgpack-java,https://github.com/msgpack/msgpack-java
mucommander/mucommander,https://github.com/mucommander/mucommander
mulesoft-labs/raml-for-jax-rs,https://github.com/mulesoft-labs/raml-for-jax-rs
mulesoft/mule,https://github.com/mulesoft/mule
mvarnagiris/financius,https://github.com/mvarnagiris/financius
mvel/mvel,https://github.com/mvel/mvel
my2iu/Jinq,https://github.com/my2iu/Jinq
mybatis/generator,https://github.com/mybatis/generator
mybatis/mybatis-3,https://github.com/mybatis/mybatis-3
mybatis/spring,https://github.com/mybatis/spring
mycelium-com/wallet-android,https://github.com/mycelium-com/wallet-android
mysql/mysql-connector-j,https://github.com/mysql/mysql-connector-j
naman14/Timber,https://github.com/naman14/Timber
nasa/mct,https://github.com/nasa/mct
nathanmarz/elephantdb,https://github.com/nathanmarz/elephantdb
nathanmarz/storm,https://github.com/nathanmarz/storm
naver/ngrinder,https://github.com/naver/ngrinder
naver/pinpoint,https://github.com/naver/pinpoint
naver/yobi,https://github.com/naver/yobi
nayuki/Project-Euler-solutions,https://github.com/nayuki/Project-Euler-solutions
nayuki/QR-Code-generator,https://github.com/nayuki/QR-Code-generator
neo4j-contrib/neo4j-apoc-procedures,https://github.com/neo4j-contrib/neo4j-apoc-procedures
neo4j-contrib/neo4j-graph-algorithms,https://github.com/neo4j-contrib/neo4j-graph-algorithms
neo4j/neo4j,https://github.com/neo4j/neo4j
netty/netty,https://github.com/netty/netty
networknt/light-4j,https://github.com/networknt/light-4j
neuroph/neuroph,https://github.com/neuroph/neuroph
nextcloud/android,https://github.com/nextcloud/android
nextcloud/news-android,https://github.com/nextcloud/news-android
nhaarman/ListViewAnimations,https://github.com/nhaarman/ListViewAnimations
nickbutcher/plaid,https://github.com/nickbutcher/plaid
nicolasgramlich/AndEngine,https://github.com/nicolasgramlich/AndEngine
nikita36078/J2ME-Loader,https://github.com/nikita36078/J2ME-Loader
ninjaframework/ninja,https://github.com/ninjaframework/ninja
nisrulz/android-examples,https://github.com/nisrulz/android-examples
nodebox/nodebox,https://github.com/nodebox/nodebox
nostra13/Android-Universal-Image-Loader,https://github.com/nostra13/Android-Universal-Image-Loader
novoda/download-manager,https://github.com/novoda/download-manager
novoda/merlin,https://github.com/novoda/merlin
novoda/spikes,https://github.com/novoda/spikes
novoda/sqlite-provider,https://github.com/novoda/sqlite-provider
npgall/cqengine,https://github.com/npgall/cqengine
nuls-io/nuls,https://github.com/nuls-io/nuls
numenta/htm.java,https://github.com/numenta/htm.java
nutzam/nutz,https://github.com/nutzam/nutz
oasisfeng/island,https://github.com/oasisfeng/island
objectbox/objectbox-java,https://github.com/objectbox/objectbox-java
objectify/objectify,https://github.com/objectify/objectify
oblac/jodd,https://github.com/oblac/jodd
octopus-platform/joern,https://github.com/octopus-platform/joern
oldmanpushcart/greys-anatomy,https://github.com/oldmanpushcart/greys-anatomy
oliexdev/openScale,https://github.com/oliexdev/openScale
onepf/OpenIAB,https://github.com/onepf/OpenIAB
open-keychain/open-keychain,https://github.com/open-keychain/open-keychain
opencypher/openCypher,https://github.com/opencypher/openCypher
opendatakit/collect,https://github.com/opendatakit/collect
openhab/openhab2-addons,https://github.com/openhab/openhab2-addons
openjdk-mirror/jdk7u-jdk,https://github.com/openjdk-mirror/jdk7u-jdk
openmhealth/shimmer,https://github.com/openmhealth/shimmer
openmrs/openmrs-core,https://github.com/openmrs/openmrs-core
opennetworkinglab/onos,https://github.com/opennetworkinglab/onos
openpnp/openpnp,https://github.com/openpnp/openpnp
opensagres/xdocreport,https://github.com/opensagres/xdocreport
opensourceBIM/BIMserver,https://github.com/opensourceBIM/BIMserver
openstreetmap/osmosis,https://github.com/openstreetmap/osmosis
opentripplanner/OpenTripPlanner,https://github.com/opentripplanner/OpenTripPlanner
openzipkin/brave,https://github.com/openzipkin/brave
openzipkin/zipkin,https://github.com/openzipkin/zipkin
oracle/fastr,https://github.com/oracle/fastr
oracle/graal,https://github.com/oracle/graal
oracle/opengrok,https://github.com/oracle/opengrok
oracle/oracle-db-examples,https://github.com/oracle/oracle-db-examples
oracle/visualvm,https://github.com/oracle/visualvm
orbit/orbit,https://github.com/orbit/orbit
orgzly/orgzly-android,https://github.com/orgzly/orgzly-android
orientechnologies/orientdb,https://github.com/orientechnologies/orientdb
osfans/trime,https://github.com/osfans/trime
oshi/oshi,https://github.com/oshi/oshi
osmandapp/Osmand,https://github.com/osmandapp/Osmand
osmdroid/osmdroid,https://github.com/osmdroid/osmdroid
owlcs/owlapi,https://github.com/owlcs/owlapi
owntracks/android,https://github.com/owntracks/android
oyachai/HearthSim,https://github.com/oyachai/HearthSim
p6spy/p6spy,https://github.com/p6spy/p6spy
pac4j/pac4j,https://github.com/pac4j/pac4j
pac4j/play-pac4j,https://github.com/pac4j/play-pac4j
pahimar/Equivalent-Exchange-3,https://github.com/pahimar/Equivalent-Exchange-3
palantir/atlasdb,https://github.com/palantir/atlasdb
palantir/docker-compose-rule,https://github.com/palantir/docker-compose-rule
panpf/sketch,https://github.com/panpf/sketch
paolorotolo/AppIntro,https://github.com/paolorotolo/AppIntro
paritytrading/parity,https://github.com/paritytrading/parity
paulfitz/daff,https://github.com/paulfitz/daff
payara/Payara,https://github.com/payara/Payara
paypal/PayPal-Java-SDK,https://github.com/paypal/PayPal-Java-SDK
peholmst/vaadin4spring,https://github.com/peholmst/vaadin4spring
pentaho/mondrian,https://github.com/pentaho/mondrian
pentaho/pentaho-kettle,https://github.com/pentaho/pentaho-kettle
pentaho/pentaho-platform,https://github.com/pentaho/pentaho-platform
permissions-dispatcher/PermissionsDispatcher,https://github.com/permissions-dispatcher/PermissionsDispatcher
perwendel/spark,https://github.com/perwendel/spark
peter-lawrey/HugeCollections-OLD,https://github.com/peter-lawrey/HugeCollections-OLD
petrnohejl/Android-Templates-And-Utilities,https://github.com/petrnohejl/Android-Templates-And-Utilities
pfleidi/yaxim,https://github.com/pfleidi/yaxim
pgjdbc/pgjdbc,https://github.com/pgjdbc/pgjdbc
philliphsu/BottomSheetPickers,https://github.com/philliphsu/BottomSheetPickers
phishman3579/java-algorithms-implementation,https://github.com/phishman3579/java-algorithms-implementation
pholser/junit-quickcheck,https://github.com/pholser/junit-quickcheck
phonegap/phonegap-plugin-push,https://github.com/phonegap/phonegap-plugin-push
pig4cloud/pig,https://github.com/pig4cloud/pig
pinterest/secor,https://github.com/pinterest/secor
pippo-java/pippo,https://github.com/pippo-java/pippo
plutext/docx4j,https://github.com/plutext/docx4j
pmd/pmd,https://github.com/pmd/pmd
pockethub/PocketHub,https://github.com/pockethub/PocketHub
powermock/powermock,https://github.com/powermock/powermock
pravega/pravega,https://github.com/pravega/pravega
prestodb/presto,https://github.com/prestodb/presto
prey/prey-android-client,https://github.com/prey/prey-android-client
primefaces/primefaces,https://github.com/primefaces/primefaces
processing/processing-android,https://github.com/processing/processing-android
processing/processing,https://github.com/processing/processing
prolificinteractive/material-calendarview,https://github.com/prolificinteractive/material-calendarview
protegeproject/protege,https://github.com/protegeproject/protege
protostuff/protostuff,https://github.com/protostuff/protostuff
protyposis/MediaPlayer-Extended,https://github.com/protyposis/MediaPlayer-Extended
ps3mediaserver/ps3mediaserver,https://github.com/ps3mediaserver/ps3mediaserver
psi-probe/psi-probe,https://github.com/psi-probe/psi-probe
psiegman/epublib,https://github.com/psiegman/epublib
pubnub/java,https://github.com/pubnub/java
puniverse/capsule,https://github.com/puniverse/capsule
puniverse/comsat,https://github.com/puniverse/comsat
puniverse/quasar,https://github.com/puniverse/quasar
pushtorefresh/storio,https://github.com/pushtorefresh/storio
pwittchen/ReactiveNetwork,https://github.com/pwittchen/ReactiveNetwork
pwm-project/pwm,https://github.com/pwm-project/pwm
pxb1988/dex2jar,https://github.com/pxb1988/dex2jar
pylerSM/YouTubeBackgroundPlayback,https://github.com/pylerSM/YouTubeBackgroundPlayback
qalingo/qalingo-engine,https://github.com/qalingo/qalingo-engine
qaprosoft/carina,https://github.com/qaprosoft/carina
qii/weiciyuan,https://github.com/qii/weiciyuan
qiniu/android-sdk,https://github.com/qiniu/android-sdk
qiniu/java-sdk,https://github.com/qiniu/java-sdk
qiujuer/Genius-Android,https://github.com/qiujuer/Genius-Android
qos-ch/slf4j,https://github.com/qos-ch/slf4j
querydsl/querydsl,https://github.com/querydsl/querydsl
quickfix-j/quickfixj,https://github.com/quickfix-j/quickfixj
quran/quran_android,https://github.com/quran/quran_android
rabbitmq/rabbitmq-java-client,https://github.com/rabbitmq/rabbitmq-java-client
rabbitmq/rabbitmq-tutorials,https://github.com/rabbitmq/rabbitmq-tutorials
rackerlabs/blueflood,https://github.com/rackerlabs/blueflood
rakam-io/rakam,https://github.com/rakam-io/rakam
ram-on/SkyTube,https://github.com/ram-on/SkyTube
rancher/cattle,https://github.com/rancher/cattle
raphw/byte-buddy,https://github.com/raphw/byte-buddy
rapidoid/rapidoid,https://github.com/rapidoid/rapidoid
ratpack/ratpack,https://github.com/ratpack/ratpack
react-community/react-native-image-picker,https://github.com/react-community/react-native-image-picker
react-native-community/react-native-camera,https://github.com/react-native-community/react-native-camera
react-native-community/react-native-svg,https://github.com/react-native-community/react-native-svg
react-native-community/react-native-video,https://github.com/react-native-community/react-native-video
reactor/reactor-core,https://github.com/reactor/reactor-core
reactor/reactor-netty,https://github.com/reactor/reactor-netty
real-logic/aeron,https://github.com/real-logic/aeron
real-logic/agrona,https://github.com/real-logic/agrona
real-logic/simple-binary-encoding,https://github.com/real-logic/simple-binary-encoding
realm/realm-java,https://github.com/realm/realm-java
redisson/redisson,https://github.com/redisson/redisson
redpen-cc/redpen,https://github.com/redpen-cc/redpen
reds-heig/logisim-evolution,https://github.com/reds-heig/logisim-evolution
redsolution/xabber-android,https://github.com/redsolution/xabber-android
relayrides/pushy,https://github.com/relayrides/pushy
remkop/picocli,https://github.com/remkop/picocli
requery/requery,https://github.com/requery/requery
resilience4j/resilience4j,https://github.com/resilience4j/resilience4j
rest-assured/rest-assured,https://github.com/rest-assured/rest-assured
resteasy/Resteasy,https://github.com/resteasy/Resteasy
restfb/restfb,https://github.com/restfb/restfb
restlet/restlet-framework-java,https://github.com/restlet/restlet-framework-java
restx/restx,https://github.com/restx/restx
resty-gwt/resty-gwt,https://github.com/resty-gwt/resty-gwt
rgladwell/m2e-android,https://github.com/rgladwell/m2e-android
rhuss/jolokia,https://github.com/rhuss/jolokia
richardwilly98/elasticsearch-river-mongodb,https://github.com/richardwilly98/elasticsearch-river-mongodb
rnewson/couchdb-lucene,https://github.com/rnewson/couchdb-lucene
robo-code/robocode,https://github.com/robo-code/robocode
roboguice/roboguice,https://github.com/roboguice/roboguice
robolectric/robolectric,https://github.com/robolectric/robolectric
rometools/rome,https://github.com/rometools/rome
roughike/BottomBar,https://github.com/roughike/BottomBar
roundrop/facebook4j,https://github.com/roundrop/facebook4j
rovo89/XposedInstaller,https://github.com/rovo89/XposedInstaller
rsksmart/rskj,https://github.com/rsksmart/rskj
rsocket/rsocket-java,https://github.com/rsocket/rsocket-java
rstudio/rstudio,https://github.com/rstudio/rstudio
rubenlagus/TelegramBots,https://github.com/rubenlagus/TelegramBots
ruboto/ruboto-irb,https://github.com/ruboto/ruboto-irb
rulebook-rules/rulebook,https://github.com/rulebook-rules/rulebook
rumboalla/apkupdater,https://github.com/rumboalla/apkupdater
runelite/runelite,https://github.com/runelite/runelite
rzwitserloot/lombok,https://github.com/rzwitserloot/lombok
sakaiproject/sakai,https://github.com/sakaiproject/sakai
salRoid/Filmy,https://github.com/salRoid/Filmy
salesforce/Argus,https://github.com/salesforce/Argus
sanluan/PublicCMS,https://github.com/sanluan/PublicCMS
sannies/mp4parser,https://github.com/sannies/mp4parser
sarxos/webcam-capture,https://github.com/sarxos/webcam-capture
schemacrawler/SchemaCrawler,https://github.com/schemacrawler/SchemaCrawler
schemaspy/schemaspy,https://github.com/schemaspy/schemaspy
schwabe/ics-openvpn,https://github.com/schwabe/ics-openvpn
scobal/seyren,https://github.com/scobal/seyren
scouter-project/scouter,https://github.com/scouter-project/scouter
scribejava/scribejava,https://github.com/scribejava/scribejava
scwang90/SmartRefreshLayout,https://github.com/scwang90/SmartRefreshLayout
sd4324530/fastweixin,https://github.com/sd4324530/fastweixin
searchbox-io/Jest,https://github.com/searchbox-io/Jest
searls/jasmine-maven-plugin,https://github.com/searls/jasmine-maven-plugin
selendroid/selendroid,https://github.com/selendroid/selendroid
selenide/selenide,https://github.com/selenide/selenide
senseidb/zoie,https://github.com/senseidb/zoie
seven332/EhViewer,https://github.com/seven332/EhViewer
sharding-sphere/sharding-sphere,https://github.com/sharding-sphere/sharding-sphere
sherxon/AlgoDS,https://github.com/sherxon/AlgoDS
shuzheng/zheng,https://github.com/shuzheng/zheng
siacs/Conversations,https://github.com/siacs/Conversations
signalapp/Signal-Android,https://github.com/signalapp/Signal-Android
simpligility/android-maven-plugin,https://github.com/simpligility/android-maven-plugin
sirthias/parboiled,https://github.com/sirthias/parboiled
sismics/reader,https://github.com/sismics/reader
sk89q/WorldEdit,https://github.com/sk89q/WorldEdit
sk89q/WorldGuard,https://github.com/sk89q/WorldGuard
skadistats/clarity,https://github.com/skadistats/clarity
skylot/jadx,https://github.com/skylot/jadx
slapperwan/gh4a,https://github.com/slapperwan/gh4a
sleekbyte/tailor,https://github.com/sleekbyte/tailor
sleuthkit/autopsy,https://github.com/sleuthkit/autopsy
soabase/exhibitor,https://github.com/soabase/exhibitor
sockeqwe/mosby,https://github.com/sockeqwe/mosby
sonyxperiadev/ChkBugReport,https://github.com/sonyxperiadev/ChkBugReport
spacecowboy/NotePad,https://github.com/spacecowboy/NotePad
spacewalkproject/spacewalk,https://github.com/spacewalkproject/spacewalk
sparklemotion/nokogiri,https://github.com/sparklemotion/nokogiri
speedment/speedment,https://github.com/speedment/speedment
spockframework/spock,https://github.com/spockframework/spock
spotbugs/spotbugs,https://github.com/spotbugs/spotbugs
spotify/docker-client,https://github.com/spotify/docker-client
spotify/docker-maven-plugin,https://github.com/spotify/docker-maven-plugin
spotify/helios,https://github.com/spotify/helios
spotify/heroic,https://github.com/spotify/heroic
spring-cloud/spring-cloud-aws,https://github.com/spring-cloud/spring-cloud-aws
spring-cloud/spring-cloud-config,https://github.com/spring-cloud/spring-cloud-config
spring-cloud/spring-cloud-consul,https://github.com/spring-cloud/spring-cloud-consul
spring-cloud/spring-cloud-dataflow,https://github.com/spring-cloud/spring-cloud-dataflow
spring-cloud/spring-cloud-function,https://github.com/spring-cloud/spring-cloud-function
spring-cloud/spring-cloud-gateway,https://github.com/spring-cloud/spring-cloud-gateway
spring-cloud/spring-cloud-netflix,https://github.com/spring-cloud/spring-cloud-netflix
spring-cloud/spring-cloud-sleuth,https://github.com/spring-cloud/spring-cloud-sleuth
spring-cloud/spring-cloud-stream,https://github.com/spring-cloud/spring-cloud-stream
spring-io/initializr,https://github.com/spring-io/initializr
spring-io/sagan,https://github.com/spring-io/sagan
spring-projects/eclipse-integration-gradle,https://github.com/spring-projects/eclipse-integration-gradle
spring-projects/greenhouse,https://github.com/spring-projects/greenhouse
spring-projects/spring-amqp,https://github.com/spring-projects/spring-amqp
spring-projects/spring-android,https://github.com/spring-projects/spring-android
spring-projects/spring-boot,https://github.com/spring-projects/spring-boot
spring-projects/spring-data-commons,https://github.com/spring-projects/spring-data-commons
spring-projects/spring-data-elasticsearch,https://github.com/spring-projects/spring-data-elasticsearch
spring-projects/spring-data-jpa,https://github.com/spring-projects/spring-data-jpa
spring-projects/spring-data-mongodb,https://github.com/spring-projects/spring-data-mongodb
spring-projects/spring-data-neo4j,https://github.com/spring-projects/spring-data-neo4j
spring-projects/spring-data-redis,https://github.com/spring-projects/spring-data-redis
spring-projects/spring-data-rest,https://github.com/spring-projects/spring-data-rest
spring-projects/spring-data-solr,https://github.com/spring-projects/spring-data-solr
spring-projects/spring-framework,https://github.com/spring-projects/spring-framework
spring-projects/spring-hadoop,https://github.com/spring-projects/spring-hadoop
spring-projects/spring-integration,https://github.com/spring-projects/spring-integration
spring-projects/spring-kafka,https://github.com/spring-projects/spring-kafka
spring-projects/spring-restdocs,https://github.com/spring-projects/spring-restdocs
spring-projects/spring-roo,https://github.com/spring-projects/spring-roo
spring-projects/spring-security-oauth,https://github.com/spring-projects/spring-security-oauth
spring-projects/spring-security-saml,https://github.com/spring-projects/spring-security-saml
spring-projects/spring-security,https://github.com/spring-projects/spring-security
spring-projects/spring-session,https://github.com/spring-projects/spring-session
spring-projects/spring-social,https://github.com/spring-projects/spring-social
spring-projects/spring-statemachine,https://github.com/spring-projects/spring-statemachine
spring-projects/spring-xd,https://github.com/spring-projects/spring-xd
springfox/springfox,https://github.com/springfox/springfox
springside/springside4,https://github.com/springside/springside4
spullara/mustache.java,https://github.com/spullara/mustache.java
square/dagger,https://github.com/square/dagger
square/javapoet,https://github.com/square/javapoet
square/keywhiz,https://github.com/square/keywhiz
square/leakcanary,https://github.com/square/leakcanary
square/moshi,https://github.com/square/moshi
square/okhttp,https://github.com/square/okhttp
square/picasso,https://github.com/square/picasso
square/retrofit,https://github.com/square/retrofit
square/wire,https://github.com/square/wire
sromku/android-simple-facebook,https://github.com/sromku/android-simple-facebook
sscarduzio/elasticsearch-readonlyrest-plugin,https://github.com/sscarduzio/elasticsearch-readonlyrest-plugin
stagemonitor/stagemonitor,https://github.com/stagemonitor/stagemonitor
stanfordnlp/CoreNLP,https://github.com/stanfordnlp/CoreNLP
stephanenicolas/robospice,https://github.com/stephanenicolas/robospice
stephanenicolas/toothpick,https://github.com/stephanenicolas/toothpick
stoicflame/enunciate,https://github.com/stoicflame/enunciate
strapdata/elassandra,https://github.com/strapdata/elassandra
streamsets/datacollector,https://github.com/streamsets/datacollector
streamsupport/streamsupport,https://github.com/streamsupport/streamsupport
strimzi/strimzi-kafka-operator,https://github.com/strimzi/strimzi-kafka-operator
stripe/stripe-android,https://github.com/stripe/stripe-android
stripe/stripe-java,https://github.com/stripe/stripe-java
structr/structr,https://github.com/structr/structr
structurizr/java,https://github.com/structurizr/java
stylefeng/Guns,https://github.com/stylefeng/Guns
subclipse/subclipse,https://github.com/subclipse/subclipse
substratum/substratum,https://github.com/substratum/substratum
support-project/knowledge,https://github.com/support-project/knowledge
surespot/android,https://github.com/surespot/android
swagger-api/swagger-core,https://github.com/swagger-api/swagger-core
swagger-api/swagger-parser,https://github.com/swagger-api/swagger-parser
syncany/syncany,https://github.com/syncany/syncany
syncthing/syncthing-android,https://github.com/syncthing/syncthing-android
ta4j/ta4j,https://github.com/ta4j/ta4j
takari/polyglot-maven,https://github.com/takari/polyglot-maven
talklittle/reddit-is-fun,https://github.com/talklittle/reddit-is-fun
taweili/ardublock,https://github.com/taweili/ardublock
tcurdt/jdeb,https://github.com/tcurdt/jdeb
termux/termux-app,https://github.com/termux/termux-app
testcontainers/testcontainers-java,https://github.com/testcontainers/testcontainers-java
testwhat/SmaliEx,https://github.com/testwhat/SmaliEx
tg123/leetcode,https://github.com/tg123/leetcode
tgwizard/sls,https://github.com/tgwizard/sls
thelinmichael/spotify-web-api-java,https://github.com/thelinmichael/spotify-web-api-java
thingsboard/thingsboard,https://github.com/thingsboard/thingsboard
thorntail/thorntail,https://github.com/thorntail/thorntail
threerings/getdown,https://github.com/threerings/getdown
thucydides-webtests/thucydides,https://github.com/thucydides-webtests/thucydides
thymeleaf/thymeleaf,https://github.com/thymeleaf/thymeleaf
tillnagel/unfolding,https://github.com/tillnagel/unfolding
timusus/Shuttle,https://github.com/timusus/Shuttle
tinkerpop/blueprints,https://github.com/tinkerpop/blueprints
tinkerpop/gremlin,https://github.com/tinkerpop/gremlin
tinkerpop/rexster,https://github.com/tinkerpop/rexster
tlaplus/tlaplus,https://github.com/tlaplus/tlaplus
tntim96/JSCover,https://github.com/tntim96/JSCover
todoroo/astrid,https://github.com/todoroo/astrid
togglz/togglz,https://github.com/togglz/togglz
tomahawk-player/tomahawk-android,https://github.com/tomahawk-player/tomahawk-android
tomoya92/pybbs,https://github.com/tomoya92/pybbs
tomp2p/TomP2P,https://github.com/tomp2p/TomP2P
tony19/logback-android,https://github.com/tony19/logback-android
tonyofrancis/Fetch,https://github.com/tonyofrancis/Fetch
toolbox4minecraft/amidst,https://github.com/toolbox4minecraft/amidst
topjohnwu/Magisk,https://github.com/topjohnwu/Magisk
topjohnwu/MagiskManager,https://github.com/topjohnwu/MagiskManager
torakiki/pdfsam,https://github.com/torakiki/pdfsam
torodb/stampede,https://github.com/torodb/stampede
traccar/traccar,https://github.com/traccar/traccar
treasure-data/digdag,https://github.com/treasure-data/digdag
trifork/erjang,https://github.com/trifork/erjang
tronprotocol/java-tron,https://github.com/tronprotocol/java-tron
tunnelvisionlabs/antlr4cs,https://github.com/tunnelvisionlabs/antlr4cs
tuskyapp/Tusky,https://github.com/tuskyapp/Tusky
tvbarthel/ChaseWhisplyProject,https://github.com/tvbarthel/ChaseWhisplyProject
twilio/twilio-java,https://github.com/twilio/twilio-java
twitter/ambrose,https://github.com/twitter/ambrose
twitter/commons,https://github.com/twitter/commons
twitter/elephant-bird,https://github.com/twitter/elephant-bird
twosigma/beakerx,https://github.com/twosigma/beakerx
typetools/checker-framework,https://github.com/typetools/checker-framework
uavorg/uavstack,https://github.com/uavorg/uavstack
uber/okbuck,https://github.com/uber/okbuck
ubergeek42/weechat-android,https://github.com/ubergeek42/weechat-android
ukanth/afwall,https://github.com/ukanth/afwall
umlet/umlet,https://github.com/umlet/umlet
unclebob/fitnesse,https://github.com/unclebob/fitnesse
undera/jmeter-plugins,https://github.com/undera/jmeter-plugins
undertow-io/undertow,https://github.com/undertow-io/undertow
uniVocity/univocity-parsers,https://github.com/uniVocity/univocity-parsers
unofficial-openjdk/openjdk,https://github.com/unofficial-openjdk/openjdk
usc-isi-i2/Web-Karma,https://github.com/usc-isi-i2/Web-Karma
ushahidi/SMSSync,https://github.com/ushahidi/SMSSync
uwolfer/gerrit-intellij-plugin,https://github.com/uwolfer/gerrit-intellij-plugin
vaadin/framework,https://github.com/vaadin/framework
validator/validator,https://github.com/validator/validator
vanilla-music/vanilla,https://github.com/vanilla-music/vanilla
vavr-io/vavr,https://github.com/vavr-io/vavr
vector-im/riot-android,https://github.com/vector-im/riot-android
venusdrogon/feilong-core,https://github.com/venusdrogon/feilong-core
vert-x3/vertx-examples,https://github.com/vert-x3/vertx-examples
vert-x3/vertx-web,https://github.com/vert-x3/vertx-web
vespa-engine/vespa,https://github.com/vespa-engine/vespa
vickychijwani/quill,https://github.com/vickychijwani/quill
vigna/fastutil,https://github.com/vigna/fastutil
vimeo/stag-java,https://github.com/vimeo/stag-java
vipshop/Saturn,https://github.com/vipshop/Saturn
viskell/viskell,https://github.com/viskell/viskell
vkostyukov/la4j,https://github.com/vkostyukov/la4j
vladmihalcea/high-performance-java-persistence,https://github.com/vladmihalcea/high-performance-java-persistence
voldemort/voldemort,https://github.com/voldemort/voldemort
vondear/RxTool,https://github.com/vondear/RxTool
vrapper/vrapper,https://github.com/vrapper/vrapper
vsch/flexmark-java,https://github.com/vsch/flexmark-java
vsch/idea-multimarkdown,https://github.com/vsch/idea-multimarkdown
wasdennnoch/AndroidN-ify,https://github.com/wasdennnoch/AndroidN-ify
watson-developer-cloud/java-sdk,https://github.com/watson-developer-cloud/java-sdk
web3j/web3j,https://github.com/web3j/web3j
webbit/webbit,https://github.com/webbit/webbit
webbukkit/dynmap,https://github.com/webbukkit/dynmap
weld/core,https://github.com/weld/core
wequick/Small,https://github.com/wequick/Small
westnordost/StreetComplete,https://github.com/westnordost/StreetComplete
wicketstuff/core,https://github.com/wicketstuff/core
wikimedia/apps-android-wikipedia,https://github.com/wikimedia/apps-android-wikipedia
wildfly/quickstart,https://github.com/wildfly/quickstart
wildfly/wildfly,https://github.com/wildfly/wildfly
williamfiset/Algorithms,https://github.com/williamfiset/Algorithms
winder/Universal-G-Code-Sender,https://github.com/winder/Universal-G-Code-Sender
wix/react-native-navigation,https://github.com/wix/react-native-navigation
wiztools/rest-client,https://github.com/wiztools/rest-client
wmixvideo/nfe,https://github.com/wmixvideo/nfe
wordpress-mobile/WordPress-Android,https://github.com/wordpress-mobile/WordPress-Android
wro4j/wro4j,https://github.com/wro4j/wro4j
wso2/msf4j,https://github.com/wso2/msf4j
wso2/siddhi,https://github.com/wso2/siddhi
wwadge/bonecp,https://github.com/wwadge/bonecp
wyouflf/xUtils,https://github.com/wyouflf/xUtils
wyouflf/xUtils3,https://github.com/wyouflf/xUtils3
wyvernlang/wyvern,https://github.com/wyvernlang/wyvern
x-stream/xstream,https://github.com/x-stream/xstream
xbmc/Kore,https://github.com/xbmc/Kore
xdtianyu/CallerInfo,https://github.com/xdtianyu/CallerInfo
xerial/snappy-java,https://github.com/xerial/snappy-java
xerial/sqlite-jdbc,https://github.com/xerial/sqlite-jdbc
xetorthio/jedis,https://github.com/xetorthio/jedis
xiaomoinfo/SpringBootUnity,https://github.com/xiaomoinfo/SpringBootUnity
xuxueli/xxl-job,https://github.com/xuxueli/xxl-job
xwiki/xwiki-platform,https://github.com/xwiki/xwiki-platform
yago-naga/yago3,https://github.com/yago-naga/yago3
yahoo/elide,https://github.com/yahoo/elide
yahoo/omid,https://github.com/yahoo/omid
yahoo/squidb,https://github.com/yahoo/squidb
yandextaxitech/binaryprefs,https://github.com/yandextaxitech/binaryprefs
yangfuhai/jboot,https://github.com/yangfuhai/jboot
yegor256/cactoos,https://github.com/yegor256/cactoos
yegor256/rultor,https://github.com/yegor256/rultor
yegor256/takes,https://github.com/yegor256/takes
yeriomin/YalpStore,https://github.com/yeriomin/YalpStore
yinwang0/pysonar2,https://github.com/yinwang0/pysonar2
youlookwhat/CloudReader,https://github.com/youlookwhat/CloudReader
ysc/word,https://github.com/ysc/word
yui/yuicompressor,https://github.com/yui/yuicompressor
yuliskov/SmartYouTubeTV,https://github.com/yuliskov/SmartYouTubeTV
yydcdut/PhotoNoter,https://github.com/yydcdut/PhotoNoter
zalando/logbook,https://github.com/zalando/logbook
zalando/nakadi,https://github.com/zalando/nakadi
zalando/zalenium,https://github.com/zalando/zalenium
zaproxy/zaproxy,https://github.com/zaproxy/zaproxy
zeapo/Android-Password-Store,https://github.com/zeapo/Android-Password-Store
zeebe-io/zeebe,https://github.com/zeebe-io/zeebe
zendesk/maxwell,https://github.com/zendesk/maxwell
zeromq/jeromq,https://github.com/zeromq/jeromq
zeromq/jzmq,https://github.com/zeromq/jzmq
zstackio/zstack,https://github.com/zstackio/zstack
zulip/zulip-android,https://github.com/zulip/zulip-android
zxh0/classpy,https://github.com/zxh0/classpy
zxing/zxing,https://github.com/zxing/zxing